images,healthy,scab,frog_eye_leaf_spot,rust,complex,powdery_mildew
a8ab965f868fc44c.jpg,1,0,0,0,0,0
a5d8924f7fad18a0.jpg,1,0,0,0,0,0
fab3f2b1c0d2a982.jpg,0,1,0,0,0,0
d9b283cd98b19d13.jpg,0,1,0,0,0,0
852979c129dde25d.jpg,0,0,1,0,0,0
b76b84406eb75545.jpg,1,0,0,0,0,0
c1a972977e88b49c.jpg,0,0,0,0,1,0
ba3457285a4655e7.jpg,0,1,0,0,0,0
f2d5d2adc18c6986.jpg,0,1,0,0,0,0
e0f996008ddabf0d.jpg,0,0,1,0,0,0
bb2ad8e69a846699.jpg,1,0,0,0,0,0
c225cf8aba4eb952.jpg,1,0,0,0,0,0
bfc86719271047f1.jpg,0,1,0,0,0,0
f5b1809b4c867c6e.jpg,1,0,0,0,0,0
9f1061a618f3fcc9.jpg,0,0,0,0,0,1
dab12ed9c1ce0ce1.jpg,0,0,1,0,0,0
9742c28e983ef46b.jpg,0,1,1,0,0,0
ca23cf4e3ce73430.jpg,0,1,0,0,0,0
aa1620058fbfbcad.jpg,0,1,0,0,0,0
c1b7659f9a9214d2.jpg,0,1,0,0,0,0
a5a6c896c8d591fa.jpg,1,0,0,0,0,0
de27e42a4465a67c.jpg,0,0,0,1,0,0
c037227490feddcc.jpg,0,1,0,0,0,0
85613ea3387e9696.jpg,0,1,0,0,0,0
beedc893a5b106c8.jpg,0,0,1,0,0,0
8be8264e0dfce985.jpg,0,1,0,0,0,0
85947d1e914af03f.jpg,0,0,0,1,0,0
d4c367739964b80e.jpg,0,1,1,0,0,0
af8743fa46a09c1d.jpg,1,0,0,0,0,0
e1de8cd263a05667.jpg,0,0,1,0,0,0
f8acd0f20f077076.jpg,0,1,0,0,0,0
fd7b82b8c3cf8180.jpg,0,0,0,0,1,0
da44867e8f1e4768.jpg,1,0,0,0,0,0
8d97f883e8a4d34c.jpg,0,1,0,0,0,0
fa9093959bab2057.jpg,0,0,0,0,0,1
b918d330cfd1e760.jpg,0,0,0,1,0,0
de9811dfd8c91b22.jpg,0,1,0,0,0,0
c5b244902fcf3f8c.jpg,0,0,1,0,0,0
b92c45d624eb366c.jpg,0,1,0,0,0,0
8bc8cb9dae2a1ab2.jpg,0,1,0,0,0,0
e5f4d3e960ae5086.jpg,0,0,0,1,0,0
c0c8cbbd163772d4.jpg,0,0,1,0,0,0
92613acfe33c8b70.jpg,0,0,0,1,0,0
8bc6b07f365e4318.jpg,0,0,0,0,1,0
fc01c2dc8fa99de0.jpg,0,1,0,0,0,0
f8c99e5c90314f2b.jpg,0,0,1,0,0,0
c8c93c3462637abb.jpg,1,0,0,0,0,0
81e293df16992cb9.jpg,0,0,0,1,0,0
b602d6e6487c3c9d.jpg,0,0,0,0,1,0
b9c6d24bb05fc81c.jpg,1,0,0,0,0,0
92d85a6ba115dccd.jpg,1,0,0,0,0,0
f5d005bc38b365ca.jpg,0,0,1,0,0,0
f637dec600ccc1a3.jpg,0,0,1,0,0,0
a5495bea4b602d75.jpg,0,1,1,0,0,0
bd6292864adbf44c.jpg,1,0,0,0,0,0
d53667c0acab2e89.jpg,0,1,0,0,0,0
c5e4c69d861d2733.jpg,0,0,0,1,0,0
af80b4d6560afa4d.jpg,1,0,0,0,0,0
d04dc3904bdba75a.jpg,0,0,1,0,0,0
edeed03cca920c9a.jpg,0,0,1,0,0,0
f541962d2ba2ad55.jpg,0,1,0,0,0,0
dd96685aac299565.jpg,0,1,0,0,0,0
92b7678eb031b329.jpg,1,0,0,0,0,0
91f0af891fa147ac.jpg,0,0,0,0,1,0
abb0d5a9d4b4985c.jpg,0,0,0,1,0,0
f6aa1ed16a420d8f.jpg,0,0,1,0,0,0
c84bf573e0338327.jpg,0,1,0,0,0,0
b5da1a85c9ad4a1d.jpg,0,1,0,0,0,0
cf387a827031bc6e.jpg,0,0,0,0,1,0
fc900b4d8bbd9551.jpg,0,1,0,0,0,0
e08a8dc0efa6b267.jpg,1,0,0,0,0,0
ddb0c9670a277253.jpg,0,0,0,0,1,0
8e858c8397706b7b.jpg,1,0,0,0,0,0
c395a195e171b369.jpg,0,0,0,1,0,0
b95e8554924979e9.jpg,1,0,0,0,0,0
b7b4eaa08f912b89.jpg,0,0,1,0,0,0
c47f69b34aa95609.jpg,0,1,0,0,0,0
b8219f67d004f87e.jpg,0,1,1,0,1,0
ed0778000fe5c7f2.jpg,1,0,0,0,0,0
9bd87d663711a2a1.jpg,0,0,1,0,0,0
a55ec7744335e0a6.jpg,0,1,0,0,0,0
a4435afc74563635.jpg,1,0,0,0,0,0
c2a0f402179f9cfe.jpg,0,1,1,0,0,0
c56b342dd22b117b.jpg,0,0,1,0,0,0
b05f82db0a733837.jpg,0,0,0,0,1,0
ddf4b843459ea10d.jpg,0,0,0,0,0,1
c6c30af8bbe84db0.jpg,0,0,0,0,1,0
fc4c52d0e8bae07c.jpg,0,1,0,0,0,0
b5c0c2ea4bd48d57.jpg,1,0,0,0,0,0
d8b83090f9df0cdc.jpg,0,1,0,0,0,0
9dfd78087ab4c2c4.jpg,0,1,0,0,0,0
88723fc5719e69a8.jpg,0,0,0,1,0,0
bcb1c1caf7562a12.jpg,1,0,0,0,0,0
f1bd1991c118fc47.jpg,0,0,0,1,0,0
fe481335a91ec751.jpg,0,0,0,0,1,0
be7a0ab468db6489.jpg,0,1,0,0,0,0
b7cc0f91c0d9e9c8.jpg,1,0,0,0,0,0
a65f98117faa8466.jpg,0,0,1,0,0,0
b286a56d493873d5.jpg,0,0,0,0,0,1
d470aa87969de159.jpg,0,0,1,0,0,0
e2f9105769d0ab47.jpg,0,1,0,0,0,0
caced5dc2b701938.jpg,0,1,0,0,0,0
c04e0fa01efae6e3.jpg,0,0,1,0,0,0
f29cc6dba8071617.jpg,0,0,1,0,0,0
f18ed5c06fe02273.jpg,0,0,0,1,0,0
f2e4ed29aa4a2d1a.jpg,1,0,0,0,0,0
c2ea42b4da3fe164.jpg,1,0,0,0,0,0
f9e88fec002472eb.jpg,0,0,1,0,1,0
ccacf4d46451d2b9.jpg,0,0,1,0,0,0
d51d24818a4f5f5e.jpg,0,0,0,1,0,0
a58fcff8101661e3.jpg,1,0,0,0,0,0
efb104bd072e3d84.jpg,1,0,0,0,0,0
b3bdc27aaae0bc04.jpg,0,1,0,0,0,0
aeb146794ca5d28b.jpg,1,0,0,0,0,0
a381e182876f3dd6.jpg,1,0,0,0,0,0
fded80c09f8f3828.jpg,0,1,1,0,0,0
f5a0c58d8edd2859.jpg,0,0,0,1,0,0
b8be26f097c1602f.jpg,0,1,0,0,0,0
f59ac9d9792261c8.jpg,0,0,0,0,1,0
a19bc89dce03f1b2.jpg,0,0,1,0,0,0
f7b4c12a7e3d2884.jpg,0,0,1,0,0,0
f1accd9ac1d94ac1.jpg,0,0,1,0,0,0
d24d24f0f81a37e3.jpg,0,1,0,0,0,0
fd5356434f43c419.jpg,0,1,0,0,0,0
881f26e8d4df548d.jpg,0,0,0,1,0,0
8f25c66ceb2cf094.jpg,0,1,0,0,0,0
e04185a3df974fd0.jpg,1,0,0,0,0,0
c25f935d59616b06.jpg,0,0,1,0,0,0
f2f80752d53f1d40.jpg,0,0,1,0,0,0
cdb123e1c18cfde0.jpg,0,1,0,0,0,0
aed5de9548126c69.jpg,1,0,0,0,0,0
ab3c2fc4341d70e5.jpg,0,1,0,0,0,0
f82794f604f9a519.jpg,0,1,0,0,0,0
85b37b284f8ec22b.jpg,0,0,1,0,0,0
ddea65f621132a51.jpg,1,0,0,0,0,0
fffb900a92289a33.jpg,1,0,0,0,0,0
e8da8b2d65741693.jpg,0,1,0,0,0,0
80bf2381975655d7.jpg,0,1,0,0,0,0
cfaa317b0243fc68.jpg,0,0,1,0,0,0
e9f512ba1a75c2d0.jpg,0,0,1,0,0,0
afda1a9a140eb555.jpg,0,1,0,0,0,0
d5ea77958a3b8830.jpg,0,1,0,0,0,0
c92ca6e72bede110.jpg,0,0,1,0,0,0
869460d69dc547cf.jpg,0,0,1,0,0,0
ccb152972a7a6555.jpg,0,0,1,0,1,0
af8e37785ae2a0c1.jpg,0,0,1,0,0,0
af55875c5e685a03.jpg,1,0,0,0,0,0
aa6a97960f9037e4.jpg,0,0,1,0,1,0
8a4772d191dcd969.jpg,0,0,1,0,0,0
e7ecc583d571d202.jpg,0,0,0,1,0,0
e19ecb5e89f41851.jpg,1,0,0,0,0,0
d7b0640edccba869.jpg,0,0,0,0,1,0
8f8b2fd5a038d760.jpg,0,0,1,0,0,0
c91fb33e1dc024cb.jpg,0,0,0,0,1,0
8aa1674fda23c14f.jpg,1,0,0,0,0,0
981e3ee7c21b7191.jpg,0,0,0,0,0,1
d359c824f6ac02df.jpg,0,1,0,0,0,0
b78dc1d9dda30350.jpg,0,0,0,1,1,0
fce486fe3a202f24.jpg,0,0,1,0,0,0
f5ad808b9f367070.jpg,1,0,0,0,0,0
848a5a93c3f9696d.jpg,0,1,1,0,0,0
84f26d8b126fe3a8.jpg,1,0,0,0,0,0
c377302f39c6615c.jpg,1,0,0,0,0,0
b0b7a010cf62efe1.jpg,0,1,0,0,0,0
fbc483ae483edc90.jpg,0,0,0,0,1,1
d53c876e954300fe.jpg,0,1,0,0,0,0
a393d36b6534325a.jpg,1,0,0,0,0,0
b2de96165a27a1e2.jpg,1,0,0,0,0,0
839f36383b70463e.jpg,1,0,0,0,0,0
eca213dbcb84a794.jpg,0,0,1,0,1,0
d13a2389670b0f6f.jpg,0,0,1,0,0,0
d1bc99ca2f01e61b.jpg,1,0,0,0,0,0
c4f46ee06dc6c29c.jpg,0,0,0,0,0,1
9ef52b2fe0c4944a.jpg,0,0,0,1,0,0
ec60fc9fc1c11bc1.jpg,0,1,1,0,1,0
d1763e1e03e7db00.jpg,0,0,1,0,0,0
a7593f958aae1605.jpg,0,1,0,0,0,0
cc85f50c7f18d68c.jpg,1,0,0,0,0,0
f1e2837839593a8e.jpg,0,0,1,0,0,0
c6f0b5d058be29d8.jpg,0,1,0,0,0,0
f5a03ef22707858e.jpg,0,0,0,1,0,0
afc035817c09cfab.jpg,0,0,0,0,1,0
96ba4ad986a24c7d.jpg,1,0,0,0,0,0
ccb37741278f85a2.jpg,0,0,0,1,0,0
a5f190a2c9d374f4.jpg,0,0,1,0,0,0
c8d544ddaa682bd5.jpg,0,1,0,0,0,0
bc43d0289bf09fe8.jpg,0,1,0,0,0,0
9db7219eaa13db01.jpg,0,1,0,0,0,0
839b6a7a21adaf14.jpg,0,0,1,0,0,0
ccd33ad8e5818a4f.jpg,1,0,0,0,0,0
f081d86c337cbb25.jpg,0,0,1,0,0,0
f5ec9eb058923293.jpg,1,0,0,0,0,0
afaadbc1ca44ad22.jpg,0,0,1,0,0,0
a4f0c283879e92fe.jpg,1,0,0,0,0,0
f86c97703b376098.jpg,0,0,0,0,1,0
c5fd3e99703ad110.jpg,1,0,0,0,0,0
989f07228ef6c13b.jpg,0,0,0,0,1,0
b7f6e2c2801f2a35.jpg,0,0,0,0,1,0
eb17d7a05019b58b.jpg,0,0,1,0,0,0
b061c397878e89eb.jpg,0,0,0,0,0,1
d63e2dc3a0395a6a.jpg,1,0,0,0,0,0
84a271e27b99f81d.jpg,0,0,1,0,0,0
a0e0f878aba7265d.jpg,0,1,0,0,0,0
8cf8c19c78b735c2.jpg,0,0,0,1,0,0
a8f260c397b796c2.jpg,0,0,0,1,0,0
a0e0c3f71d0738de.jpg,1,0,0,0,0,0
ffe4c0e905dd088e.jpg,1,0,0,0,0,0
de85e0a587f0fc28.jpg,0,0,1,0,0,0
edb585a4ced6130a.jpg,0,1,1,0,0,0
92878c3d6c99a9cb.jpg,1,0,0,0,0,0
f565c69a38d9a123.jpg,0,0,0,0,1,0
d5fd2180c1c1fda3.jpg,1,0,0,0,0,0
c9d1f0330bbdc4e1.jpg,0,1,0,0,0,0
e895d470eae348ab.jpg,0,1,0,0,0,0
a4d71aa9157ab856.jpg,1,0,0,0,0,0
ebc9819893fc12d6.jpg,0,0,0,0,1,0
f1f15bcbe19086c4.jpg,0,1,0,0,0,0
fff2e1c1e70300f0.jpg,0,0,1,0,0,0
f48bb89795a01df0.jpg,0,0,1,0,0,0
e1c5fafb48fcc100.jpg,1,0,0,0,0,0
c04bb370935d9b69.jpg,0,0,1,0,0,0
8f456733d83cc836.jpg,1,0,0,0,0,0
93a1d1d6e69a7451.jpg,1,0,0,0,0,0
ae5e95b459830a6b.jpg,0,0,0,1,0,0
bc62cd122f6dd2b0.jpg,0,0,0,1,0,0
c3609be138c7f196.jpg,0,0,1,0,0,0
fd85cdd0930e3338.jpg,1,0,0,0,0,0
c0f487a36dc35c87.jpg,1,0,0,0,0,0
86f93a009dbf8d85.jpg,0,0,1,0,0,0
b5df930140e43797.jpg,1,0,0,0,0,0
f3a7adb096e00b8a.jpg,1,0,0,0,0,0
ada4ea8875751a36.jpg,1,0,0,0,0,0
e89bc56d1f0c6968.jpg,0,0,0,1,0,0
de7c3b823ec0198d.jpg,0,0,1,0,0,0
a74dd2368989af32.jpg,0,0,1,0,0,0
f78f879c8068b8d2.jpg,1,0,0,0,0,0
eeb185a3859636c6.jpg,1,0,0,0,0,0
f610d8adc9c207fa.jpg,1,0,0,0,0,0
c0ed358b268d719d.jpg,0,1,0,0,0,0
a6b6f6cae4394189.jpg,1,0,0,0,0,0
c9ac3ca74cd15356.jpg,0,0,1,0,0,0
b751039556ba4c4f.jpg,0,0,0,0,0,1
aa4694deaf305587.jpg,1,0,0,0,0,0
9724da92ed49a28f.jpg,0,0,0,1,0,0
99f3639158699cd8.jpg,0,0,0,1,0,0
a5f868c91c3dab52.jpg,0,1,1,0,0,0
fd2795399450ae4a.jpg,0,0,1,0,0,0
9f946a2a2d38d5b4.jpg,0,0,0,0,0,1
d72482b49f346ad6.jpg,1,0,0,0,0,0
a7c9981fcfb090cc.jpg,1,0,0,0,0,0
d60739c70fe03a3c.jpg,0,1,0,0,0,0
833c97cd34eb4526.jpg,1,0,0,0,0,0
f06b9e3c89335531.jpg,0,1,0,0,0,0
96a738204ddf9cd1.jpg,1,0,0,0,0,0
fb3ff1824d4d4421.jpg,1,0,0,0,0,0
8df767cb72448990.jpg,0,1,0,0,0,0
c1e3f343646c1f58.jpg,0,1,0,0,0,0
c40d651be6b19f45.jpg,0,0,1,0,0,0
f4b49e82c9d2459d.jpg,0,0,1,0,0,0
93c23783c34bcb6a.jpg,1,0,0,0,0,0
c24f36360fc78fa0.jpg,0,0,0,0,1,0
eeca70a9a115563b.jpg,0,0,1,0,0,0
f886d282f99a419f.jpg,1,0,0,0,0,0
90f97e1ee0261b27.jpg,0,0,0,1,0,0
f7a1d4d84ad00df2.jpg,0,0,0,0,0,1
80b4b62f1232e6fb.jpg,0,0,1,0,0,0
b27f843e5f30084f.jpg,0,0,0,0,0,1
c5bdf631d514a982.jpg,0,1,0,0,0,0
94e947373a5423cb.jpg,1,0,0,0,0,0
fd8a223fc232e8f0.jpg,0,1,1,0,0,0
d5e72937db898007.jpg,0,0,0,0,0,1
d0e6d04fe727258a.jpg,0,1,1,0,0,0
96806be4dfba20ad.jpg,0,1,0,0,0,0
90bd638f9c32656c.jpg,0,1,0,0,0,0
84f56fda39453a24.jpg,1,0,0,0,0,0
adc483b3eab562a1.jpg,0,0,0,0,0,1
96e0ec34d056d38f.jpg,0,1,0,0,0,0
bdb3662d1a9c21c6.jpg,0,0,1,0,0,0
df8e2c4741c6cdc4.jpg,0,1,0,0,0,0
cdadd296136e960a.jpg,0,0,1,0,0,0
c35f38ed36c023e2.jpg,0,1,0,0,0,0
cfb49f159454b04b.jpg,0,1,0,0,0,0
b3f5b7cb8281160e.jpg,0,0,0,1,0,0
9a1462ce99fa117e.jpg,0,1,0,0,0,0
c6e3f29803fc462d.jpg,0,0,0,0,0,1
a59cc38ec50ee05f.jpg,0,1,0,0,0,0
d17aaf619c914a1b.jpg,0,0,1,0,0,0
a040ab7279d5aa9f.jpg,1,0,0,0,0,0
afe393958b913063.jpg,0,1,0,0,0,0
f8f420cf5b80d3f0.jpg,0,1,0,0,0,0
a0dfc03dc63a1e4e.jpg,0,0,0,0,1,0
8c87c6d58cb99c71.jpg,1,0,0,0,0,0
f819f4581ff21b03.jpg,0,0,1,0,0,0
c0d17fd8d78460f4.jpg,0,0,1,0,0,0
cc7825d823eb87ca.jpg,1,0,0,0,0,0
ea31e0d14a13ee9d.jpg,0,1,1,0,1,0
838397476a6b323d.jpg,0,0,0,1,0,0
b77f89b095c05b84.jpg,0,0,0,0,1,0
ede9cac2222b23b5.jpg,0,0,1,0,1,0
c3e5f0d4d2b183a3.jpg,1,0,0,0,0,0
ffa894e489960ad6.jpg,1,0,0,0,0,0
d4d6afa93a319216.jpg,0,0,0,0,1,0
9af86cc0e38dd156.jpg,0,0,0,0,1,0
c723c79032ce37e4.jpg,1,0,0,0,0,0
bb1e4d683c97a44a.jpg,1,0,0,0,0,0
f61de78d9b402ad0.jpg,0,0,0,0,1,1
b52592c0e9b3f4d1.jpg,0,0,0,1,0,0
c1fa2e8ab2d53a0e.jpg,1,0,0,0,0,0
e0c2cba4ec5a2e9d.jpg,1,0,0,0,0,0
d1d97b25a5c7502a.jpg,1,0,0,0,0,0
94e5c9cece4a14b3.jpg,0,0,1,0,0,0
f5f4aac090e47569.jpg,0,1,0,0,0,0
86a03f92fa1b585e.jpg,0,1,0,0,0,0
f9011ffc0a4552af.jpg,0,0,0,0,0,1
d58710aa3ac2f7c6.jpg,0,1,0,0,0,0
bc89c0038b979de7.jpg,0,0,0,0,1,0
f6e966d382908ba9.jpg,0,1,0,0,0,0
a875c39ed830e599.jpg,0,1,0,0,0,0
f7fac28d94b14164.jpg,0,0,0,1,0,0
96b436d49c489ead.jpg,0,1,0,0,0,0
c6bc9352f4466627.jpg,1,0,0,0,0,0
f6966ff0022df00b.jpg,1,0,0,0,0,0
d7f4a5a998d84a43.jpg,1,0,0,0,0,0
f5b492f2cb673804.jpg,1,0,0,0,0,0
af69cc47f8661311.jpg,0,0,0,1,0,0
fc9a81c01fce3e34.jpg,0,1,0,0,0,0
a56dd542a9aaa9aa.jpg,1,0,0,0,0,0
d6cb480e9c3b4de4.jpg,1,0,0,0,0,0
ba6197f1d0956b42.jpg,0,1,0,0,0,0
c5cfa16193c3993c.jpg,1,0,0,0,0,0
c93b263ac8e86793.jpg,0,1,0,0,0,0
949a5daa9c697253.jpg,0,0,1,0,0,0
fc910f70cbee3064.jpg,0,1,0,0,0,0
f7a1d34b8903186f.jpg,1,0,0,0,0,0
bcd434c393207bf8.jpg,0,0,0,1,0,0
afb59098888f55ce.jpg,0,0,1,0,0,0
cdf43ac5238c53b8.jpg,0,1,1,0,0,0
d34e9305e13c26be.jpg,0,0,0,0,0,1
fffc94e092a59086.jpg,0,0,0,1,0,0
abad92d6588a58cb.jpg,1,0,0,0,0,0
a56edda4cc98a499.jpg,1,0,0,0,0,0
ad64f0858e9e74e1.jpg,0,0,0,0,1,0
cfc37861638c9a99.jpg,0,1,0,0,0,0
b4bb84dbbc8a18cc.jpg,1,0,0,0,0,0
b2b2364c3966c7d8.jpg,0,0,0,0,0,1
ad997b3cb2842762.jpg,0,0,0,0,0,1
8b3b3fa2f425a194.jpg,0,0,0,1,0,0
831abdc76c05e23d.jpg,0,0,0,1,0,0
a1ccdad316326f70.jpg,0,0,0,1,0,0
c5d8aa7a7d0435c6.jpg,0,0,0,0,0,1
fe2f89368b14c455.jpg,0,0,0,0,1,0
ea9aafe34521f01c.jpg,0,1,0,0,0,0
c83b2dd123f827a9.jpg,0,0,1,0,0,0
f5cb4a7832e1a13c.jpg,0,0,0,1,0,0
e7a9d84a19ed5c11.jpg,0,1,0,0,0,0
fef4d0928b8d6d04.jpg,0,1,0,0,0,0
e13fd2d0c5602d67.jpg,0,0,0,0,1,0
f49ac3b8c4b58972.jpg,0,0,1,1,0,0
b72ab6402ad728f6.jpg,0,0,0,0,0,1
ee90c7ce1e566c48.jpg,0,0,0,0,0,1
b217c296cb82adf8.jpg,0,1,0,0,0,0
c1a26174ac7c2e7d.jpg,0,1,0,0,0,0
c10f784f61dc2f07.jpg,0,0,1,0,0,0
e2f0e1f898b21f51.jpg,0,1,0,0,0,0
b5cad2a88b903f93.jpg,1,0,0,0,0,0
f814a8c757cb7606.jpg,0,1,0,0,0,0
f95e2fe11800c33f.jpg,1,0,0,0,0,0
ff282b2a033dace8.jpg,1,0,0,0,0,0
c5171f7a7ad05158.jpg,0,0,0,0,1,0
f1e5d187e1999c0c.jpg,0,0,1,0,0,0
c4e51ee01d484dfb.jpg,1,0,0,0,0,0
e497c6d09ad073b8.jpg,0,1,0,0,0,0
a8fe9f432f452491.jpg,0,0,1,0,0,0
d5795a2b9546a968.jpg,1,0,0,0,0,0
b9e2dd8769e442a1.jpg,0,0,1,0,0,0
e8cd354ae3d083f2.jpg,0,1,1,0,0,0
e5e1e1814e7f081f.jpg,0,0,0,0,1,0
b8bd80f8b1c9e07c.jpg,1,0,0,0,0,0
f7f4970198cdf088.jpg,1,0,0,0,0,0
f2254d92d85073bd.jpg,0,1,0,0,0,0
f5cc611fbae8e090.jpg,0,0,1,0,0,0
bdeaa054ca1459fa.jpg,0,0,1,0,0,0
957669b26a51b649.jpg,0,1,0,0,0,0
d32492d3854abece.jpg,0,0,0,0,1,0
d12e9d0ec41586ef.jpg,0,0,0,0,0,1
f59ec6c1c89ec350.jpg,1,0,0,0,0,0
c52725b3f27817c8.jpg,0,0,0,1,0,0
ced3405f1e3c31a3.jpg,0,1,0,0,0,0
88f0d0d5de89b5c5.jpg,1,0,0,0,0,0
86e38706a2bc5eae.jpg,0,0,1,0,0,0
f9fec080fcc308f8.jpg,0,0,1,0,0,0
c56170c02bdf57b1.jpg,0,1,0,0,0,0
ddb460e3e792841e.jpg,0,0,1,0,0,0
862e2ce22f046bfe.jpg,0,1,0,0,0,0
cfb474cb96870986.jpg,0,1,0,0,0,0
e174dffbc0c0006f.jpg,0,1,0,0,0,0
f7329ace0b9528ca.jpg,0,0,1,0,0,0
8dc88d0acfdda01f.jpg,0,0,1,0,0,0
dac97436a8d5e291.jpg,1,0,0,0,0,0
c58039da54edd6a5.jpg,1,0,0,0,0,0
a445de268e524efa.jpg,0,1,0,0,0,0
caf60ae4b84ab49d.jpg,0,0,1,0,0,0
cd6b3d5a151bb508.jpg,0,1,0,0,0,0
f6709c2f03f458cc.jpg,0,1,0,0,0,0
8eb36e92741aae25.jpg,0,1,0,0,0,0
d903386fdb02467b.jpg,0,0,0,1,0,0
8110a4d859b7f8fe.jpg,0,0,1,0,0,0
a4bc1bc398bbb0b8.jpg,1,0,0,0,0,0
de450fc62b9429d6.jpg,1,0,0,0,0,0
d41094cd6d2de7b4.jpg,0,1,0,0,0,0
a1f89448e061bf7b.jpg,1,0,0,0,0,0
f4ccca47a4174f32.jpg,0,1,0,0,0,0
e1e2d7969a2b432a.jpg,0,0,1,0,0,0
92a91fd0b485fa9a.jpg,0,0,0,0,1,0
a2b59583525fe938.jpg,1,0,0,0,0,0
b8e99c6ddd8d041c.jpg,0,1,0,0,0,0
b9b0a30b63b6364e.jpg,0,1,0,0,0,0
c0c73614ce4ee4ed.jpg,0,0,1,0,0,0
bdcebe640a2409fa.jpg,1,0,0,0,0,0
b07af06ecde90f20.jpg,0,0,0,0,1,0
ad0985c9d743dc56.jpg,1,0,0,0,0,0
a5f9cd281e1934ea.jpg,0,0,0,0,1,0
ffd8921b143c03da.jpg,0,1,0,0,0,0
e76ad6e5951d3081.jpg,0,0,1,0,0,0
8e90bd50c7bac659.jpg,0,1,0,0,0,0
febb92314d415c45.jpg,0,1,0,0,0,0
de953624919e8277.jpg,0,1,0,0,0,0
fa5e7484806a9fc5.jpg,0,0,0,1,0,0
f468d79649cd700e.jpg,0,0,1,0,0,0
ae9ad06d6ba13227.jpg,0,0,0,1,0,0
f0d9cbc56d42301f.jpg,0,0,1,0,1,0
d596b5d3d96a9c00.jpg,0,0,1,0,0,0
805763bc63dc5ec8.jpg,1,0,0,0,0,0
a53fa25fc4e60c34.jpg,0,0,1,0,0,0
b8a1949f1b3962f4.jpg,0,0,1,0,1,0
f36c8f1a10d131be.jpg,1,0,0,0,0,0
9d9bb09c8b40db5a.jpg,1,0,0,0,0,0
e87581c9c9a9cdc5.jpg,0,0,0,1,0,0
a1b7b18287e0ce5b.jpg,0,0,0,1,0,0
d3e323c1d2393b61.jpg,0,1,0,0,0,0
c0371be857ae29d8.jpg,1,0,0,0,0,0
b7bcca8ce84f5046.jpg,1,0,0,0,0,0
ddef7398c420e198.jpg,1,0,0,0,0,0
f4b098d8dadb4266.jpg,0,0,1,0,0,0
dea8feb100041bfd.jpg,0,0,0,1,0,0
fdd2d30b8f1c2861.jpg,1,0,0,0,0,0
8e98e20ace1abaeb.jpg,1,0,0,0,0,0
b6d2c384f10d2f96.jpg,0,0,1,0,0,0
b2a6eb5f25a2a452.jpg,0,0,0,0,1,0
f2c974c12fdfc042.jpg,0,0,1,0,0,0
e05e96c2608acf3f.jpg,1,0,0,0,0,0
f8b8d97c1a1c12f1.jpg,1,0,0,0,0,0
96c8d2c5ef322f90.jpg,0,1,0,0,0,0
ff78c07e00052f9b.jpg,0,0,0,0,1,0
f3a9c2952de1a49c.jpg,1,0,0,0,0,0
fe4b7ec981d9c088.jpg,0,0,0,0,0,1
e545ff406d61a2b2.jpg,0,1,0,0,0,0
d262d839de14ae3c.jpg,0,0,0,0,1,1
adce8b25fa455381.jpg,0,0,1,0,0,0
b4a1e947ce2d1e54.jpg,0,0,0,0,1,0
edb3c41a16d83363.jpg,1,0,0,0,0,0
dc4edc25c882e55b.jpg,0,0,0,1,0,0
e4386ac65f4f81c6.jpg,0,0,1,0,0,0
ac4995f982d6ed12.jpg,0,0,1,0,0,0
e9818f3e68409fdc.jpg,1,0,0,0,0,0
accad4eb4a749b12.jpg,0,0,1,0,0,0
9cb395dc678b6580.jpg,0,0,0,0,0,1
cfab0f2531c35147.jpg,1,0,0,0,0,0
8baada949b911177.jpg,1,0,0,0,0,0
b62b8aac7955650e.jpg,0,0,1,0,0,0
e58fca87d438185e.jpg,0,1,0,0,0,0
dcb1e7938748362c.jpg,0,0,1,0,0,0
f164d3ab4dd57440.jpg,0,1,1,0,0,0
c494d8c73614e6be.jpg,0,0,1,0,0,0
af87e4c505c315f1.jpg,0,1,1,0,0,0
819e38358d32cf2f.jpg,1,0,0,0,0,0
adb6d6e1030fc683.jpg,1,0,0,0,0,0
95964822033e7ff9.jpg,0,1,0,0,0,0
831436bf0e15e5e9.jpg,0,0,1,0,0,0
cfd8b10083af536e.jpg,0,1,0,0,0,0
bcd27b8e43638616.jpg,0,1,0,0,0,0
8e9863c49b63c747.jpg,0,1,0,0,0,0
9f833a4ac2b91f31.jpg,0,0,0,1,0,0
f01dc0f06cc27e5b.jpg,1,0,0,0,0,0
e8b3a4c8438d2f75.jpg,0,1,0,0,0,0
ed93a0fa560e6531.jpg,0,0,0,1,0,0
9d0f6e60819f9a5a.jpg,1,0,0,0,0,0
dadf63b0b00fd148.jpg,0,0,0,0,1,0
bd0d5dc10c52e27e.jpg,0,0,1,0,0,0
9fd12addd42ac28a.jpg,0,0,0,0,0,1
b5351da6a69c464b.jpg,0,0,0,1,0,0
c8d2da9a82c6e3ad.jpg,1,0,0,0,0,0
c4ef976cb1ca304a.jpg,0,0,1,0,0,0
972a35d6612af545.jpg,0,0,1,0,0,0
abc090edba00fdbc.jpg,1,0,0,0,0,0
91c96585162ed6fc.jpg,0,0,0,0,1,0
a7f642858e4ada47.jpg,0,1,0,0,0,0
ecc13507413766d7.jpg,1,0,0,0,0,0
cae9ed81baab014e.jpg,0,0,1,0,0,0
ee9d9e52a8311789.jpg,0,0,0,0,1,0
9cbe21bb0960e3e5.jpg,0,1,0,0,0,0
f148c6fc0e71fa50.jpg,0,1,0,0,0,0
a8bdb5d25a2d803d.jpg,0,0,0,1,0,0
fa9ad2b09dd554c0.jpg,0,0,0,0,1,0
ad65b56714849da5.jpg,0,0,0,1,0,0
b0c7d3440cff909b.jpg,0,0,1,0,0,0
a9a5a1bd53482be9.jpg,0,1,0,0,0,0
aa3a9ac8c8d6bd4a.jpg,0,0,1,0,0,0
cbbe69103dca270b.jpg,0,1,0,0,0,0
aa6ad395fc197205.jpg,1,0,0,0,0,0
82ba3e933947b097.jpg,0,0,0,1,1,0
8e8e96c59a6a01fd.jpg,0,1,0,0,0,0
a5a597a6ea6c6149.jpg,0,1,0,0,0,0
adb4d2a0d2d7a2ca.jpg,1,0,0,0,0,0
94d0737b69af105c.jpg,0,1,0,0,0,0
fc9685e0b9634743.jpg,1,0,0,0,0,0
c64c69f0bb8b146b.jpg,0,0,0,1,0,0
875c92dbc8a17de0.jpg,0,1,0,0,0,0
a5ea2185ca87d787.jpg,1,0,0,0,0,0
f57533ba04e2c385.jpg,0,0,0,0,0,1
ae94877a8d699c64.jpg,1,0,0,0,0,0
b1d45e61e03c7e0e.jpg,1,0,0,0,0,0
8feed8d130af2258.jpg,0,0,0,0,1,0
95b67eca9af82061.jpg,0,1,0,0,0,0
d29d372369954d49.jpg,0,0,1,0,0,0
e84fd50dca289b78.jpg,0,1,1,0,0,0
9fa216cff54a0a54.jpg,0,0,0,0,1,0
84da4422ffc73b62.jpg,0,1,0,0,0,0
82d374898fc57d70.jpg,0,1,0,0,0,0
b703c3ff59b84103.jpg,0,0,0,0,1,0
c8dbfc38dce23a04.jpg,0,1,0,0,0,0
c9ad6e343217f1a2.jpg,0,1,1,0,1,0
d2fa9bc8891db8c2.jpg,0,0,1,0,0,0
aa73556daa1056cd.jpg,1,0,0,0,0,0
cca63aca25bc0abd.jpg,0,1,0,0,0,0
d8f89f83075d2626.jpg,0,0,1,0,0,0
f96a47e1af870485.jpg,0,1,0,0,0,0
95ab605785feb0a4.jpg,0,1,0,0,0,0
f249c6b8c915e996.jpg,1,0,0,0,0,0
c3976ee664e640e1.jpg,0,1,1,0,1,0
98e1c84ad8bbc19f.jpg,0,1,0,0,0,0
e19137d68ed68c38.jpg,0,0,0,1,0,0
a4b17595b24a5a2f.jpg,0,0,1,1,0,0
8382e784dfe6c836.jpg,0,0,0,0,1,0
f8f40ffda042e2d0.jpg,1,0,0,0,0,0
96ca813667359acd.jpg,0,0,1,0,0,0
b0dae5b54d186d70.jpg,0,1,1,0,0,0
c34b6ae4259ebcc8.jpg,0,1,0,0,0,0
9090b5d5aba53cd3.jpg,0,0,0,0,1,0
e89199c9e16f6632.jpg,0,0,0,0,1,0
c9623b03e270e7f1.jpg,0,1,0,0,0,0
f0d2d273d2139e83.jpg,1,0,0,0,0,0
bcac96de604b6525.jpg,1,0,0,0,0,0
e481cfb71adc21b8.jpg,0,0,0,0,1,0
9a4b9bf1544567c4.jpg,1,0,0,0,0,0
f7bac4c1c99292c3.jpg,0,0,1,0,0,0
aff0a76188e71d82.jpg,0,0,1,0,0,0
dc258c789d4f709c.jpg,0,1,0,0,0,0
8222954dabf46ad7.jpg,0,0,0,0,1,0
c38f7e0565f40696.jpg,0,1,0,0,0,0
f69942d8212d31ef.jpg,0,0,0,0,1,0
fcff07c6e0c0cc03.jpg,1,0,0,0,0,0
def0c5838e2238f5.jpg,0,0,0,1,0,0
e84582f6bc64b1b5.jpg,0,1,0,0,0,0
a3e7d4c651aa40f5.jpg,1,0,0,0,0,0
92b02f6978bca92d.jpg,0,0,0,1,0,0
9de59a9c27c148d3.jpg,1,0,0,0,0,0
c79230f2a207ff86.jpg,0,1,1,0,1,0
f8b3c153c2032ecf.jpg,0,0,1,0,0,0
82b4b4c47c2e92bf.jpg,0,0,0,0,1,0
957937d1b22092eb.jpg,0,1,0,0,0,0
a093c189b9cbd47e.jpg,1,0,0,0,0,0
90f2654c2acfdb85.jpg,0,1,0,0,0,0
fde2cb07ca0fe410.jpg,0,0,0,1,0,0
868779dc928db4b8.jpg,0,1,0,0,0,0
d4d8c2f98c81dcd5.jpg,0,0,1,0,0,0
e2e241d5f3eb081e.jpg,0,1,0,0,0,0
c0316d80d27de3fc.jpg,1,0,0,0,0,0
d1b3551f793ca10a.jpg,0,1,0,0,0,0
812b87c3326c97bb.jpg,0,0,0,1,0,0
ca9c77dc51a08cec.jpg,0,0,1,0,0,0
dcf0620fdf545a84.jpg,0,1,1,0,0,0
c0368d6668ff209f.jpg,1,0,0,0,0,0
c5339e87235c6ac5.jpg,0,0,0,1,0,0
85338f9de9893253.jpg,1,0,0,0,0,0
c5df20c07bc15bc9.jpg,0,0,1,0,1,0
a4f5c8f70c8169bc.jpg,0,1,1,0,0,0
cb45d69292979a2b.jpg,0,1,0,0,0,0
b5b5d28ac29a7a92.jpg,0,0,1,0,0,0
e5a2d2cb351d3664.jpg,0,1,1,0,0,0
e9d59435817c6ae4.jpg,0,0,1,0,0,0
c2962bcc8933e673.jpg,0,0,0,0,1,0
c1d03ec86a65ecb6.jpg,0,0,1,0,0,0
d7eb25339214c539.jpg,0,0,1,0,0,0
a77c35e0f885c03b.jpg,0,0,0,0,1,0
bf35949388caa99c.jpg,0,1,0,0,0,0
fda5d2ae5b240d30.jpg,0,0,0,0,1,0
b8ac82edcd8d6c4a.jpg,1,0,0,0,0,0
b49f538f08a6c87c.jpg,0,0,0,1,0,0
e63ab47a94411ced.jpg,1,0,0,0,0,0
837449e974cb39c5.jpg,0,0,0,1,0,0
b23434724e9bd4cb.jpg,0,0,0,0,0,1
fa11c22147def38a.jpg,0,0,0,0,0,1
a4ff469c871cc2d4.jpg,0,1,1,0,1,0
c022cfc6e3ab955a.jpg,0,0,0,1,0,0
916551e58ba47c3e.jpg,0,1,0,0,0,0
e5ead0a9381c3de2.jpg,0,1,0,0,0,0
f0acae838cc5e4c7.jpg,0,1,0,0,0,0
b0e88695693aa55f.jpg,1,0,0,0,0,0
aad446ea8bfe0ec0.jpg,1,0,0,0,0,0
d0806bfbf9452693.jpg,0,0,0,0,0,1
883fc03fd4239baa.jpg,0,1,0,0,0,0
9486786676e26f1c.jpg,0,0,1,0,0,0
fca6c3960d5c7816.jpg,0,0,0,0,0,1
aa6c36e28683cbcb.jpg,0,0,0,1,0,0
9d6e997acc886586.jpg,0,0,0,0,1,0
f0b23475d54585e9.jpg,1,0,0,0,0,0
d089da86d685bd27.jpg,0,1,0,0,0,0
daeb2fc49405972a.jpg,0,0,1,0,0,0
e1ac996d0bb364d1.jpg,0,0,0,0,1,0
f253ade231990f98.jpg,0,0,1,0,0,0
b5bfdcda1d182150.jpg,1,0,0,0,0,0
e0e2dad2c8df4d88.jpg,0,0,0,0,1,0
f3be87f18047382c.jpg,0,0,1,0,0,0
e8a5c7c5fcc52590.jpg,1,0,0,0,0,0
d1e000973ef4f8f8.jpg,0,1,0,0,0,0
db62c5d826d912ad.jpg,0,0,0,0,1,0
81a38b724bf23e93.jpg,0,1,0,0,0,0
bdb5f66202366073.jpg,0,0,1,0,0,0
f0d0c3a0cdb1f6e8.jpg,0,0,1,0,0,0
eea5c057c20ec69e.jpg,1,0,0,0,0,0
aa2c92c0d05fb9af.jpg,0,1,0,0,0,0
fc8d8d29251d16ae.jpg,1,0,0,0,0,0
d5fc6fe9a1386600.jpg,0,0,1,0,0,0
f0b4c3452f56227e.jpg,0,0,1,0,0,0
d29f01cd9db24c35.jpg,0,0,1,0,0,0
bc5889064dabe72d.jpg,0,1,1,0,0,0
8a2d598f2ec436e6.jpg,0,0,0,0,0,1
9fad869f21b5b240.jpg,0,0,0,1,1,0
ca994a3acd5bd451.jpg,0,0,1,0,1,0
97c237d7885ae905.jpg,0,1,0,0,0,0
fd69d03083db1bc8.jpg,1,0,0,0,0,0
924c6573e599e346.jpg,0,1,0,0,0,0
f4b8c881ff488736.jpg,1,0,0,0,0,0
c19bf6662e64d544.jpg,0,1,0,0,0,0
f64cee29902be721.jpg,0,0,0,1,0,0
ea809c3a5aef2aa5.jpg,0,0,0,0,1,0
91d3e995d261839e.jpg,0,0,0,0,0,1
a7ebeb6bc3410514.jpg,1,0,0,0,0,0
cdb4bb34924c23e9.jpg,1,0,0,0,0,0
e10fd27ccb710935.jpg,0,0,1,0,0,0
909d9bf73e609684.jpg,1,0,0,0,0,0
fd54c08e1c29697b.jpg,1,0,0,0,0,0
91c1c5332a73bad9.jpg,0,0,1,0,0,0
f1eac3e0c507191f.jpg,0,0,1,0,0,0
ade5ca1a34993167.jpg,0,1,1,0,0,0
d6f40940d86f4b7a.jpg,0,0,1,0,0,0
cf9d3fc3e12806b0.jpg,0,0,0,0,1,1
b8e3c09db7cc10d6.jpg,1,0,0,0,0,0
d28f6360b6986b69.jpg,0,1,0,0,0,0
d8e5159ec2f8cd84.jpg,0,1,0,0,0,0
ae00d5a2e1563efc.jpg,0,0,0,1,0,0
8f137ee1d4f01a58.jpg,1,0,0,0,0,0
c37b84d2dcc22e4d.jpg,1,0,0,0,0,0
f46982528f52ca5f.jpg,1,0,0,0,0,0
f02883d609affb8a.jpg,0,1,0,0,0,0
ac91325ad94f5ac5.jpg,0,1,0,0,0,0
eab0c097af879d44.jpg,0,1,0,0,0,0
fa23d4574a525c4b.jpg,0,0,0,1,0,0
d70a7439323065f7.jpg,0,1,0,0,0,0
eff18c3836c55483.jpg,0,0,0,1,0,0
dcc0c38eafa4a719.jpg,0,0,0,0,1,0
cfa934dfe7420283.jpg,0,0,1,0,0,0
e112d42b1fe2eab4.jpg,0,1,0,0,0,0
e8a2f75e316689a4.jpg,0,0,1,0,0,0
d7e52ca23ac0b8cd.jpg,0,0,1,0,0,0
940c1a0b47bee1fd.jpg,0,1,0,0,0,0
a5f965c6c88e099e.jpg,0,0,1,0,0,0
f083d29eb9fe6024.jpg,1,0,0,0,0,0
c44bdb39929363ac.jpg,1,0,0,0,0,0
eaa4c0c2cf438f2f.jpg,0,0,0,1,0,0
e8e4dc2e122273f6.jpg,0,0,1,1,0,0
d6842f96f23e0b2c.jpg,0,1,0,0,0,0
d86989dacd862cae.jpg,1,0,0,0,0,0
e8b8e4da073f170c.jpg,1,0,0,0,0,0
ffd3430f2fcd4080.jpg,1,0,0,0,0,0
a5ea56d35a0f5550.jpg,0,0,0,0,1,0
baf0d7c0ca1fdd00.jpg,0,0,0,0,1,0
c2df3edb221037b0.jpg,0,1,0,0,0,0
a552ea11c58fcd6c.jpg,1,0,0,0,0,0
a5ce9f9c808fd494.jpg,0,0,0,0,1,0
986f50a4ae50753f.jpg,1,0,0,0,0,0
b2e6c70f8cb91c85.jpg,0,0,0,0,1,0
b53281013fef3c8e.jpg,0,1,0,0,0,0
f43ccf82c94ec3a1.jpg,1,0,0,0,0,0
a4f2950a78bc3a76.jpg,0,0,0,0,0,1
858539cb724fa8b6.jpg,0,0,0,1,0,0
ab29d1b5859a17d4.jpg,0,1,0,0,0,0
dc14ca65a3825b3f.jpg,1,0,0,0,0,0
fd9e91c4844352bb.jpg,0,0,0,1,0,0
c8db70c393366ee0.jpg,0,1,0,0,0,0
9eb077ce92292c2e.jpg,0,1,0,0,0,0
d8e0323af4c6274f.jpg,0,0,0,0,0,1
bc13a56b5ad648e2.jpg,1,0,0,0,0,0
f795c38ada87450a.jpg,1,0,0,0,0,0
f4b3cb8f305c1a23.jpg,0,1,0,0,0,0
a0786f831db76269.jpg,0,1,1,0,1,0
b0c5cfa5ad23445e.jpg,0,0,0,0,1,0
9062169acbcddd4e.jpg,0,0,1,0,0,0
af63d2078b1b568c.jpg,0,1,0,0,0,0
94c17e96c19b0dae.jpg,0,1,0,0,0,0
9fcd0929d22d3353.jpg,1,0,0,0,0,0
feeacab409b2a053.jpg,1,0,0,0,0,0
b8e5c2828d92bf47.jpg,0,1,0,0,0,0
e2ce934fa3a65443.jpg,0,0,0,1,0,0
d4bb3c3598ecb148.jpg,1,0,0,0,0,0
a159c0d37fca6a2a.jpg,0,0,1,0,0,0
f1a68d7834a33b62.jpg,0,0,0,0,0,1
bf3dc7309a233047.jpg,0,1,0,0,0,0
ff38378920ba812f.jpg,0,0,0,0,0,1
bd88d392ef883274.jpg,1,0,0,0,0,0
85ad3a9551d768ca.jpg,0,0,1,0,0,0
dfe2326255b17870.jpg,1,0,0,0,0,0
dcd4fee92e816052.jpg,0,0,1,1,0,0
e7c014d28786d1fe.jpg,0,1,1,0,0,0
fd85d086cfaa4a58.jpg,0,1,0,0,0,0
8ca723999d1f634c.jpg,0,0,1,1,0,0
81c97ef498cc87c3.jpg,0,0,0,1,0,0
ceaf6d073c0bd700.jpg,0,0,0,1,0,0
ddb1da81d9c901d5.jpg,1,0,0,0,0,0
ad908e7989ec6536.jpg,1,0,0,0,0,0
fd4dc9ccc20427ea.jpg,1,0,0,0,0,0
a3bb604d8a55995d.jpg,0,0,0,0,1,0
f40a426e473f8eaa.jpg,0,1,0,0,0,0
a0a5d7fac2e1a8a6.jpg,0,0,1,0,0,0
a9a5d54a0c2d0ebf.jpg,0,1,0,0,0,0
e8709a2eb1d8e70d.jpg,0,0,0,0,1,0
9cbe2fc23d4d041e.jpg,0,1,0,0,0,0
b4b1f967c1158b91.jpg,0,0,0,1,0,0
cd8facf8e0616135.jpg,0,0,0,0,1,0
d23648cf298d36f4.jpg,1,0,0,0,0,0
e1b9cdf8344194d5.jpg,1,0,0,0,0,0
d6a497ac9e4d424d.jpg,1,0,0,0,0,0
fcab851182f196b5.jpg,0,0,1,0,0,0
f29828ab517e7652.jpg,0,0,0,0,0,1
bcf7e3a724088cd4.jpg,0,0,0,1,0,0
a857f057f08ade81.jpg,1,0,0,0,0,0
8ce23594509fe8bd.jpg,0,1,1,0,0,0
f1d095cfd58d20a5.jpg,0,1,0,0,0,0
94a0c0e703eeaf37.jpg,0,1,1,0,0,0
a4a3f85b8fc390b8.jpg,1,0,0,0,0,0
b02d61293d7f28e9.jpg,0,1,1,0,0,0
bdfb41d1f9a28070.jpg,1,0,0,0,0,0
d2e665581b6ba915.jpg,0,0,0,0,0,1
c0843f6d9d1af895.jpg,0,0,0,0,0,1
83e1bc9ee0f07865.jpg,1,0,0,0,0,0
cf822dcf01eec076.jpg,0,0,0,0,1,0
9584b36c8761fc66.jpg,1,0,0,0,0,0
b5984a650ee6ba27.jpg,0,0,0,0,1,0
c7fc392998a1a32b.jpg,0,0,1,0,0,0
b26a4981bec98e6d.jpg,1,0,0,0,0,0
d7866016a5639ee5.jpg,0,1,0,0,0,0
f065c3d61d48707d.jpg,1,0,0,0,0,0
8f97989814fc62c7.jpg,1,0,0,0,0,0
e8eb8dd479e8a046.jpg,0,1,0,0,0,0
fc1cd80c0be96c73.jpg,0,1,0,0,0,0
96d969468ccd9565.jpg,1,0,0,0,0,0
9bf9cca507923334.jpg,1,0,0,0,0,0
c9ef7e5082bc6606.jpg,0,1,0,0,0,0
9e7e6b6d459c9808.jpg,0,0,0,1,0,0
dd7788c48b6842b7.jpg,1,0,0,0,0,0
c8966548df21573d.jpg,1,0,0,0,0,0
c087309bc278efe6.jpg,0,0,0,0,1,0
f26dcba05957b250.jpg,0,0,1,0,0,0
e78a9512b151b9cb.jpg,0,1,0,0,0,0
c0de28d7b5c270ce.jpg,0,0,1,0,0,0
e8a58ad4d9829f33.jpg,0,0,0,0,1,0
d932234fb966b922.jpg,0,0,0,0,0,1
8585704f5178cf9b.jpg,1,0,0,0,0,0
fc010fb0711515ff.jpg,0,0,0,1,0,0
f434c1d3800fcfcb.jpg,0,0,1,0,0,0
a23db21ee88be04f.jpg,1,0,0,0,0,0
bc7cc4d08d95b3c1.jpg,0,0,0,0,1,0
81b3556b9595ab4c.jpg,0,0,0,1,0,0
d530de0420b6ef9d.jpg,0,0,0,1,0,0
ee28d6f80bde4017.jpg,0,0,0,1,0,0
94e2530ba5b2f4b6.jpg,0,0,0,1,0,0
d0783ec96abc4a4d.jpg,1,0,0,0,0,0
a1c50b1db25e2ead.jpg,0,1,0,0,0,0
d586c8248da6ddcb.jpg,0,0,0,0,1,0
e0c2d2a2e2b6f51e.jpg,1,0,0,0,0,0
e0cd4b382df53474.jpg,0,1,0,0,0,0
d4b5a5f178e16303.jpg,0,0,0,0,0,1
e79fd1781e21209e.jpg,0,0,1,0,0,0
f075c21337eb5285.jpg,0,0,0,1,0,0
faf0cc1c8ce40d5d.jpg,1,0,0,0,0,0
95e922d99bcba431.jpg,0,1,1,0,0,0
febd30d10d5f9088.jpg,1,0,0,0,0,0
847f15c0fa187aab.jpg,0,1,0,0,0,0
94325f9125bb52b6.jpg,1,0,0,0,0,0
a8dc903f5a0f14af.jpg,1,0,0,0,0,0
a0a197d2cc9bf398.jpg,0,0,1,0,0,0
c08241cfdf4f912f.jpg,0,0,1,0,0,0
fcc0ce8d17d010bf.jpg,0,1,0,0,0,0
90e03c8f3b398d6e.jpg,0,0,0,0,0,1
fd32c1ea1be4a560.jpg,0,1,1,0,0,0
e5c6db9c91931b12.jpg,1,0,0,0,0,0
89b763d4c2ca6aa3.jpg,0,0,1,0,0,0
ea60c5e31443a6fe.jpg,1,0,0,0,0,0
a09ef06c5ea00fee.jpg,1,0,0,0,0,0
e7af38d039f6c600.jpg,0,1,0,0,0,0
ad189e2ecbd8c989.jpg,0,0,0,1,1,0
b0b6d3d3c8d32d88.jpg,0,0,1,0,0,0
c6e87638846f552e.jpg,0,0,0,0,0,1
a51a5a79e869d097.jpg,0,1,1,0,1,0
8e3dbccdfe08c850.jpg,1,0,0,0,0,0
fccad4cb40fd8185.jpg,1,0,0,0,0,0
b93dc3b0c496368b.jpg,0,0,1,0,0,0
e03b0ff099c29ab5.jpg,0,0,1,0,0,0
8a5c2ed32fdb6882.jpg,0,0,0,1,0,0
b512da6d657c32c4.jpg,0,0,1,0,0,0
e86e95c92d24359e.jpg,1,0,0,0,0,0
fe468f66d44780d4.jpg,0,1,0,0,0,0
fb3ec3ca2e0964b0.jpg,1,0,0,0,0,0
87a16bc3c1c5de62.jpg,0,1,0,0,0,0
ffc065a5f082b3c1.jpg,0,0,1,0,0,0
d4f4403ed3b4a5d8.jpg,1,0,0,0,0,0
952ab5128bb5abb8.jpg,0,1,1,0,0,0
ff05d2fc83e00e94.jpg,1,0,0,0,0,0
9616d91dc4dc66cc.jpg,1,0,0,0,0,0
bdea58664a2eae24.jpg,0,1,0,0,0,0
ac6ccdc19eb0b09b.jpg,0,0,0,0,1,0
aff812da5f25101b.jpg,0,1,0,0,0,0
dda46b752573b110.jpg,0,1,0,0,0,0
a99fd5a64e6e2860.jpg,1,0,0,0,0,0
aae8958c56ae54b5.jpg,0,0,0,0,1,1
b48a8a973df070c7.jpg,0,0,0,0,1,0
94c61e2b18b7daa5.jpg,0,0,1,0,0,0
aba5558a34f19a66.jpg,1,0,0,0,0,0
f4ca866c9c7c9847.jpg,0,0,1,0,0,0
fface8589e804996.jpg,0,0,1,0,0,0
84713e23c0d37b6e.jpg,1,0,0,0,0,0
8af83f5138aaf825.jpg,0,1,0,0,0,0
d7dc43883649d633.jpg,0,0,0,0,0,1
a5cc3bc68db94478.jpg,0,0,0,0,1,0
fe5e02c9d08f4fc0.jpg,0,0,1,0,0,0
c1a552eac3258bd7.jpg,0,0,0,0,0,1
9d166cddc0b7206b.jpg,0,1,0,0,0,0
f6e501f5b0975423.jpg,0,0,0,1,0,0
bdc0e42e966cc4e5.jpg,0,1,0,0,0,0
e3a4b7b5bb484309.jpg,0,1,0,0,0,0
b0bc031e44f8d7e6.jpg,0,0,0,1,0,0
f50ac4a0e9777b14.jpg,0,0,0,0,1,0
b16bd3c07a4e36c8.jpg,0,1,1,0,0,0
bae44a17ce0438bf.jpg,0,0,0,0,0,1
a8c4d287db3f3815.jpg,1,0,0,0,0,0
e160ddea201fe29d.jpg,0,0,0,0,0,1
bd3ed2680fe23609.jpg,0,0,1,0,0,0
97ae1a31133769cc.jpg,0,0,0,1,0,0
f1319981cf686d8e.jpg,0,0,0,0,1,0
b2c9ca954e6c6c56.jpg,1,0,0,0,0,0
f8e67b39cd0cdc00.jpg,0,0,0,0,1,0
e07c07e1e251d4f9.jpg,0,1,1,0,1,0
ea0ec53e8c3dcc70.jpg,1,0,0,0,0,0
d89fc424df921a56.jpg,1,0,0,0,0,0
a5c6dafe80f68a0a.jpg,1,0,0,0,0,0
ad0d994c5a7868fc.jpg,0,0,0,1,0,0
8816216f6a5dcfb2.jpg,0,0,1,0,0,0
c2d4be074b53ab61.jpg,0,1,0,0,0,0
b53b8733d03658d2.jpg,0,0,0,0,1,0
85f5309ec2078fb5.jpg,0,1,0,0,0,0
aba42097fea0175b.jpg,0,0,1,0,0,0
e2c0375b9a6bb861.jpg,0,1,0,0,0,0
cde12319eea806ee.jpg,0,0,1,0,0,0
81a063b69c99ed9e.jpg,0,0,0,1,0,0
8d1eb4d2869fda81.jpg,0,0,0,1,0,0
e0b4c381efda0c76.jpg,0,0,1,0,0,0
a7ad20895353576d.jpg,0,1,0,0,0,0
fdad80d016de1acc.jpg,1,0,0,0,0,0
91aa99c1c877e0bd.jpg,0,1,1,0,1,0
a611b48e1abc4b9f.jpg,1,0,0,0,0,0
f11a43b01bf4326f.jpg,1,0,0,0,0,0
dfe0798519d51316.jpg,0,0,0,0,1,0
e94b7bd25a9968a0.jpg,0,0,0,0,0,1
c1af3ada59a0a555.jpg,0,0,0,0,1,0
d6427a97631b27a8.jpg,0,0,0,0,1,0
a0332affc291d3d2.jpg,0,0,1,0,0,0
fe958ad8094f684e.jpg,1,0,0,0,0,0
ae25ce12cd5b8879.jpg,1,0,0,0,0,0
982f65c46eb9c4d2.jpg,0,1,0,0,0,0
a1c9944a4bbcede2.jpg,1,0,0,0,0,0
eb3ce0f040f20bde.jpg,1,0,0,0,0,0
e8103fff56001a5f.jpg,0,0,0,1,0,0
c79e4a310ef194d5.jpg,0,0,0,0,1,0
aa889b998ad1f8e6.jpg,0,0,1,1,0,0
c5597e86a547b4a2.jpg,0,0,1,0,0,0
ad90949302ef3b3d.jpg,0,0,1,1,0,0
a5ca1605553f4f3c.jpg,0,1,0,0,0,0
a6c297f88b7ac909.jpg,0,0,1,0,0,0
eec2cb6b2d043d64.jpg,0,0,0,0,1,0
e4a49aebec723303.jpg,0,0,0,0,1,0
92e1db96acc8dc1c.jpg,0,0,1,0,1,0
e595251f394a98ae.jpg,0,0,1,0,0,0
fc8b609593385e33.jpg,0,0,1,0,0,0
e99eddc8c10d443e.jpg,0,1,0,0,0,0
d4bbc76c24cc5694.jpg,0,0,1,0,0,0
fb3ac1a48e4e0f0e.jpg,0,1,0,0,0,0
e5df822bcb71c620.jpg,0,0,1,0,0,0
b434c3b2cbd24d5a.jpg,0,1,1,0,0,0
91e7cc99b3254c69.jpg,0,0,1,0,0,0
e8210ddefc024fec.jpg,0,0,0,1,0,0
c034f2f680eeb1ce.jpg,0,1,0,0,0,0
a9be91d69a43e981.jpg,1,0,0,0,0,0
bfe29090cb0b6f38.jpg,0,0,0,1,0,0
bb1ce326ccb92645.jpg,0,0,0,0,1,0
d4f3a1ac85d8d9c8.jpg,0,0,1,0,0,0
c3bacd372c2312cb.jpg,0,0,0,0,1,0
a3658a948953d65f.jpg,1,0,0,0,0,0
b6ff72284d620ae4.jpg,0,0,1,0,0,0
d382ef2d8332e6c4.jpg,1,0,0,0,0,0
96b7d061606e3fc4.jpg,0,1,0,0,0,0
82aa92f365da31f2.jpg,0,0,0,1,0,0
c1f83f3a8ab888b5.jpg,0,1,0,0,0,0
af34c2f44fd43c41.jpg,1,0,0,0,0,0
8f9a3a96d131e5b0.jpg,0,0,0,0,0,1
d4af3d8c09c05be5.jpg,0,1,0,0,0,0
fdcad089ca453e94.jpg,1,0,0,0,0,0
e115c7628a4bb97c.jpg,0,0,1,0,0,0
f08f70f59452da26.jpg,0,1,0,0,0,0
91673f856431749b.jpg,0,1,0,0,0,0
c097369c316ecb2e.jpg,0,0,1,0,0,0
f092c3adadf18871.jpg,0,0,1,0,0,0
fdf6d08981286f1c.jpg,0,1,1,0,0,0
a085dad6dc6af149.jpg,0,0,1,0,0,0
c3684a87b81f2dda.jpg,0,0,1,0,0,0
d0e73fe532842b8a.jpg,0,0,1,0,0,0
e8b581d483cebf84.jpg,0,1,0,0,0,0
d0f45e8c6c4b4c8f.jpg,0,1,0,0,0,0
a364babd12a5ac2b.jpg,0,0,1,0,0,0
9eea2cf6f0e072a0.jpg,0,1,0,0,0,0
e03ec7e08e07463f.jpg,0,0,0,1,0,0
d9a22d90d6cb9336.jpg,0,0,0,1,0,0
d389cb2c7824f792.jpg,0,0,0,1,0,0
bc40f9e595320dba.jpg,1,0,0,0,0,0
95f404c2fe8302ff.jpg,0,1,0,0,0,0
dfe06d94607c3c2c.jpg,0,1,0,0,0,0
a880dc6756ed761c.jpg,0,0,1,0,1,0
d6e2ce215d9a05f2.jpg,1,0,0,0,0,0
edef4c62c068f21c.jpg,0,1,0,0,0,0
d3ae9e9e48b84ba0.jpg,0,1,0,0,0,0
f403cb7e3c3589c1.jpg,0,1,0,0,0,0
ad98cae06d6a25ba.jpg,0,1,0,0,0,0
9361476766879c53.jpg,0,0,1,0,0,0
9dc199c785569e16.jpg,0,1,0,0,0,0
d3c96892b78e4674.jpg,0,0,0,1,0,0
c23b2b96e9633790.jpg,1,0,0,0,0,0
da70aac0bd0ff0e4.jpg,0,0,0,1,0,0
fd4f9fb548118541.jpg,0,1,0,0,0,0
85b90c94badad92d.jpg,1,0,0,0,0,0
a8eb95c7d85e482a.jpg,0,0,0,0,1,0
c00737c81e77b999.jpg,0,0,0,0,0,1
efc04301fc7f14d2.jpg,1,0,0,0,0,0
fe62e23f02180bbe.jpg,0,0,0,1,0,0
f0e4c1526f5a5659.jpg,0,1,0,0,0,0
81b23de294969e6e.jpg,0,1,0,0,0,0
91e57bac981dc83c.jpg,0,1,0,0,0,0
b2c6ddcd4845adc2.jpg,0,0,0,0,0,1
8b5b10f0bb2aab27.jpg,0,1,0,0,0,0
fae651854d89fc44.jpg,0,1,0,0,0,0
b1259e32ea3c4dc9.jpg,0,0,1,0,1,0
9a93d1ada6693689.jpg,0,0,1,0,0,0
c4f07698c2be3c2e.jpg,0,1,0,0,0,0
fe06ce32b8f108cd.jpg,1,0,0,0,0,0
a95ade521c733e11.jpg,1,0,0,0,0,0
8bda74e18b458f0d.jpg,1,0,0,0,0,0
bad981443ceff118.jpg,0,0,0,0,0,1
f01c0ef30a3fc3e2.jpg,0,0,1,0,0,0
e92d0dd552a79436.jpg,0,0,0,1,0,0
baf827069efb2045.jpg,0,0,0,0,0,1
faf5d5868a0ac9b0.jpg,1,0,0,0,0,0
f592d2c0d8c4e4ee.jpg,0,1,1,0,1,0
ff3d8130915bd249.jpg,0,0,1,0,0,0
bc0fcc6e8dd433a0.jpg,0,1,0,0,0,0
d7db95a98fe02860.jpg,1,0,0,0,0,0
b79ecc83e822c939.jpg,0,0,1,0,0,0
a5827207e78e78e3.jpg,1,0,0,0,0,0
ffe1e03542661f22.jpg,0,0,0,0,1,0
88b98dc1339ad9dc.jpg,1,0,0,0,0,0
eec2c0effd9080c3.jpg,0,0,1,0,0,0
9548d2ccead92cf1.jpg,1,0,0,0,0,0
a42a5a756c25b47d.jpg,0,1,1,0,0,0
c0c38f813d7e532b.jpg,0,1,0,0,0,0
fe9fd090c0630f87.jpg,0,0,1,0,0,0
f479c0d24bd64c39.jpg,1,0,0,0,0,0
952be361b47c48f2.jpg,0,0,0,1,0,0
e1b6c46bec27121e.jpg,0,0,1,0,0,0
d9a4e38184ce7c7c.jpg,0,0,0,1,0,0
90ed9ba0a1376f16.jpg,1,0,0,0,0,0
bd154f595a1be0c2.jpg,0,0,0,1,0,0
dca4c59705fc9ad0.jpg,1,0,0,0,0,0
d872934cc5953735.jpg,0,0,0,1,0,0
dce117d600dffe00.jpg,0,0,1,0,0,0
f8bcd208e1c58dae.jpg,0,1,0,0,0,0
d08077878dcdb89d.jpg,0,0,0,0,1,0
85d027d8ed068e3f.jpg,0,0,1,0,0,0
ca2f23f322f078e1.jpg,0,0,1,0,0,0
da0fb9fc305cf048.jpg,0,1,0,0,0,0
8fadf039a06cd8f0.jpg,1,0,0,0,0,0
d5c23bbce28d421d.jpg,0,1,0,0,0,0
8a2d7d9ecad0e81c.jpg,0,1,0,0,0,0
eb10cbb9ad1a8c2b.jpg,1,0,0,0,0,0
cdfd5c912881eaca.jpg,1,0,0,0,0,0
e18f855851e0f8e7.jpg,0,1,0,0,0,0
a4a5d6d69e9a981c.jpg,1,0,0,0,0,0
c7d5199a657b900b.jpg,1,0,0,0,0,0
91984ef0262f3377.jpg,0,1,0,0,0,0
ddc358e20a6bc89d.jpg,0,0,1,0,0,0
bf679f609b84218c.jpg,1,0,0,0,0,0
ad8085cfd8f16aaa.jpg,0,1,0,0,0,0
e9d5c26a1d8c32da.jpg,0,0,1,0,0,0
99d965e4d24f0b92.jpg,0,0,0,0,0,1
8bdf70c0803feda1.jpg,0,0,0,1,0,0
fcfada8b826a80ca.jpg,1,0,0,0,0,0
c493255adbb658c3.jpg,0,1,0,0,0,0
f8a2171e4f1f0d83.jpg,1,0,0,0,0,0
c1b038b9b4971797.jpg,0,0,1,0,0,0
84bd3ec03579f183.jpg,0,1,0,0,0,0
bfdab2dac2c460a2.jpg,0,0,1,0,0,0
ff10f77cae600b01.jpg,0,0,1,0,0,0
bffbf27a8000aa8a.jpg,0,1,0,0,0,0
c67a01efc3374b60.jpg,0,0,0,0,1,0
ac768bf5ea9410b8.jpg,1,0,0,0,0,0
a920cdb61f60e66b.jpg,0,0,0,1,0,0
c15d3d3ae123c547.jpg,1,0,0,0,0,0
a1b83b5d8cc2fa29.jpg,1,0,0,0,0,0
98779993c891e48f.jpg,0,0,0,1,0,0
c1e663bafe42c44a.jpg,1,0,0,0,0,0
f04d6762eca8459e.jpg,0,0,1,0,0,0
852f58ed44ad6a55.jpg,0,1,0,0,0,0
bcd28d8f242f3730.jpg,0,0,0,0,0,1
fd2e5244551730ed.jpg,1,0,0,0,0,0
ec81c59d54f0ed68.jpg,0,0,0,0,1,0
ddcc29d3c5324ba8.jpg,0,0,0,0,0,1
dbcc2cc228963aeb.jpg,1,0,0,0,0,0
b72ade1d20c372c6.jpg,0,0,1,1,0,0
c27537e5e50f046c.jpg,0,0,1,0,0,0
946acb2709c33cd7.jpg,0,1,0,0,0,0
c5a137f13683cb46.jpg,0,0,1,0,0,0
8a832536921ecbfd.jpg,0,1,0,0,0,0
d8a00ff3446b7d2a.jpg,1,0,0,0,0,0
c0c083d79f833bba.jpg,0,1,0,0,0,0
bd9fc22bcd544071.jpg,0,0,1,0,0,0
dd8652f81dc2588f.jpg,0,1,0,0,0,0
d4f548f0d0f6d622.jpg,0,1,0,0,0,0
d67825d0f7d60155.jpg,0,1,0,0,0,0
d6ba608731ef1b90.jpg,0,0,1,0,0,0
aadaaff8ee54040a.jpg,0,1,0,0,0,0
c26e3f0170abb19d.jpg,0,0,0,0,1,0
e155c51bd5889b5c.jpg,0,0,0,0,0,1
92b4e9cb8e0ccccd.jpg,0,1,0,0,0,0
d092138f877f2587.jpg,0,1,0,0,0,0
97239796cada3858.jpg,0,1,1,0,1,0
e294d69ddd0d48e2.jpg,0,1,0,0,0,0
e034d6f038ba395b.jpg,0,0,0,1,1,0
97a83595219e3e53.jpg,1,0,0,0,0,0
91b27ad271c9c719.jpg,0,0,0,0,1,0
ab1883bdd07f8278.jpg,0,1,0,0,0,0
d0563fbb241b2ce1.jpg,0,0,0,0,0,1
89342ec87a3ed8b3.jpg,0,1,0,0,0,0
b0e182fffb213898.jpg,1,0,0,0,0,0
f7d0a0f802b3781f.jpg,0,1,1,0,1,0
c283666b8e6b6179.jpg,1,0,0,0,0,0
94b531898979f38b.jpg,1,0,0,0,0,0
b09c39baaad72aa1.jpg,0,0,1,0,0,0
e4aa95d3971b1a1a.jpg,1,0,0,0,0,0
fa3560c19737e90a.jpg,0,1,0,0,0,0
9edb7fbd50d1a000.jpg,0,1,0,0,0,0
ed108ed8003eaff6.jpg,0,0,0,1,0,0
e9c28bdf568550ac.jpg,1,0,0,0,0,0
e306368eef675016.jpg,1,0,0,0,0,0
a845c6bcd89635cb.jpg,0,1,0,0,0,0
df95639e30cc91c4.jpg,0,1,0,0,0,0
bee695369c810b93.jpg,0,0,1,0,0,0
97b54bc21f603746.jpg,0,1,0,0,0,0
9c3f1c10ba54ed56.jpg,1,0,0,0,0,0
b3e6c40e19bbf242.jpg,0,0,1,0,0,0
b8d969ae646c48b9.jpg,0,0,1,0,0,0
ea99c53b6e58e0c8.jpg,1,0,0,0,0,0
e99590ef2257a274.jpg,0,0,0,0,1,0
908fe0fa0f24fb1a.jpg,1,0,0,0,0,0
be5ab429ba3cf014.jpg,0,1,0,0,0,0
cdc815b993ce7889.jpg,0,1,0,0,0,0
b4274b8fdfb014a8.jpg,0,1,0,0,0,0
b9af3382921ae770.jpg,0,1,0,0,0,0
f8be9580a45c85e7.jpg,0,0,0,0,1,0
c6c4c4961b3f13e3.jpg,1,0,0,0,0,0
c126e25eb08f48ef.jpg,0,0,1,0,0,0
9fff0cd05c433740.jpg,0,0,1,0,0,0
aab5941defb14f00.jpg,0,1,1,0,0,0
d0dc971d26c3299b.jpg,1,0,0,0,0,0
f096d4decf456830.jpg,0,0,1,0,0,0
a5ab5f961e1a7031.jpg,1,0,0,0,0,0
87e3d0c12a7ba995.jpg,0,0,0,1,0,0
bd7ac0a58eb0da92.jpg,0,0,0,0,1,0
fa05c054c9d7ced2.jpg,1,0,0,0,0,0
d89d9ede82743229.jpg,0,0,0,1,0,0
c0ff18bfb811e503.jpg,0,0,0,1,1,0
af951cde41f43816.jpg,0,1,0,0,0,0
f522d62e882c9d75.jpg,0,0,0,1,0,0
efa918ce08bcc3b8.jpg,1,0,0,0,0,0
f060008e97f0ef77.jpg,0,0,0,0,1,0
c1c4f92f6d261792.jpg,0,0,1,0,0,0
b5cf9d3e58609223.jpg,0,0,1,0,0,0
b4ccd242496765af.jpg,1,0,0,0,0,0
b9802bdf905fc239.jpg,0,0,0,0,1,0
b424d0ff4f832437.jpg,0,0,0,0,1,0
87a5489f1e4dc3d2.jpg,0,1,0,0,0,0
f966d745a498053d.jpg,0,0,0,0,1,0
f4e5cd3c3071c3c8.jpg,0,0,0,0,1,0
bfa0b288de70a5c9.jpg,1,0,0,0,0,0
e781229fe9441e3e.jpg,0,0,1,0,0,0
a694c3cb86c66a5e.jpg,0,1,0,0,0,0
ca18dd7adc22cc8e.jpg,1,0,0,0,0,0
e9b616d9fc0a300f.jpg,0,1,0,0,0,0
c3e995b03b526a87.jpg,0,0,0,1,1,0
c8921cb1f317335e.jpg,0,1,0,0,0,0
d3c22b95c222bd5e.jpg,0,0,0,0,0,1
dcc09f6a1ba7660a.jpg,0,0,0,0,1,0
98679b806fc8876e.jpg,1,0,0,0,0,0
ebe393908947f858.jpg,0,0,1,0,0,0
ff002abf7c0a2365.jpg,0,0,0,1,0,0
ddc2379c21cf30d1.jpg,0,0,0,0,0,1
c52849de7fe51581.jpg,0,1,0,0,0,0
c6768ce5c0f09f19.jpg,0,0,0,1,0,0
edd22254c471ab9e.jpg,0,0,0,1,0,0
97cc6c90c76831fc.jpg,0,0,0,0,0,1
c8c03ddfeb881f09.jpg,0,0,0,0,1,0
b3f3ed460303387c.jpg,0,0,0,1,0,0
c0642fcf6b8bb10e.jpg,1,0,0,0,0,0
89b71da28857e672.jpg,1,0,0,0,0,0
a16ec5864adea78c.jpg,0,1,0,0,0,0
d67a60d2f0d5d4c1.jpg,0,1,0,0,0,0
8ebc94969f1252d9.jpg,1,0,0,0,0,0
d2ce7fb309b84894.jpg,0,0,1,0,0,0
fe32c8cb412aac5e.jpg,1,0,0,0,0,0
b8ec878268c4537f.jpg,1,0,0,0,0,0
dc8e3cad1f59d840.jpg,1,0,0,0,0,0
9fb7dfb1a0436003.jpg,0,0,1,0,0,0
901f704f717817b9.jpg,0,1,0,0,0,0
9d0f637846725e0b.jpg,0,1,0,0,0,0
85de25981e4b33d6.jpg,0,0,0,0,0,1
a995264e9f53a391.jpg,0,0,0,0,0,1
c0cc3188dcad5fd5.jpg,0,0,0,0,1,0
fcf588ce0bac4638.jpg,0,0,1,0,0,0
fa8bc0adc6458f61.jpg,1,0,0,0,0,0
a55ac55278a5709f.jpg,1,0,0,0,0,0
e290daf89d49b81e.jpg,0,0,0,1,0,0
859b5d802ded92e5.jpg,0,0,0,1,0,0
b6b7e90f8904115f.jpg,0,0,1,0,0,0
d2ce48abb09a7559.jpg,0,0,1,0,0,0
e9e33e85dc84a532.jpg,0,0,1,0,0,0
b55aad5449aaaaa3.jpg,0,1,0,0,0,0
869ecada95197b30.jpg,0,1,0,0,0,0
d63b62d4d73322a2.jpg,0,0,1,0,0,0
93bb3f6ea68d0241.jpg,0,1,0,0,0,0
c1b3a11c7c6d9e0e.jpg,0,0,0,0,0,1
f4abda38016aebc1.jpg,1,0,0,0,0,0
d992c0a5fc60a73e.jpg,0,0,0,0,0,1
c69394a0fe75aa54.jpg,0,1,0,0,0,0
88b3f86bc843d58d.jpg,0,0,0,1,0,0
9ad42c4b87774762.jpg,0,1,0,0,0,0
fb2d81cd1d5a4c38.jpg,1,0,0,0,0,0
923386b28db31bce.jpg,1,0,0,0,0,0
fc2bc00770d8e6f8.jpg,1,0,0,0,0,0
c1bf2946311fc0be.jpg,0,1,0,0,0,0
ccbf3e4341d4a1ca.jpg,1,0,0,0,0,0
89fd3f8768a01de0.jpg,1,0,0,0,0,0
cfb4bfded042a00c.jpg,0,1,0,0,0,0
f289c39d38a11bce.jpg,0,0,0,0,1,0
e0f2e1d7860f8e98.jpg,1,0,0,0,0,0
a23a87e34de5f218.jpg,0,1,0,0,0,0
a1da5dd4cae03caa.jpg,1,0,0,0,0,0
cbab30da923c9ca5.jpg,0,0,0,1,0,0
b9c4949bc0d24f8f.jpg,0,1,1,0,0,0
fc3a95f03194b8a9.jpg,0,0,1,0,0,0
a3ecfe85f0d23680.jpg,1,0,0,0,0,0
e1caa5852cb570be.jpg,0,1,0,0,0,0
c3b3d7904a783707.jpg,0,1,1,0,1,0
c7a822cf790aaa5d.jpg,0,1,0,0,0,0
d51fe92f506a8bc0.jpg,1,0,0,0,0,0
e02b86b99ad798ac.jpg,0,0,0,0,1,0
85b5d996605d1e0f.jpg,0,1,0,0,0,0
bf1040ed6d17369a.jpg,0,0,0,1,0,0
e8e4f34a052fc5aa.jpg,0,1,0,0,0,0
fe81989bc9ca20be.jpg,0,1,1,0,1,0
92e17e8ae8ade198.jpg,0,1,0,0,0,0
c1b585dd9cb4b838.jpg,0,1,0,0,0,0
ff9ce29e0b8a904a.jpg,0,1,0,0,0,0
a83a9d788ae57896.jpg,1,0,0,0,0,0
a8ef34d3b0f14370.jpg,1,0,0,0,0,0
d2f10c446e5a7bc9.jpg,0,0,0,0,0,1
be90d289c1007ff7.jpg,0,1,0,0,0,0
d4a3d60d0d6e7296.jpg,1,0,0,0,0,0
df03b6b220782eea.jpg,0,1,0,0,0,0
acdedc4a08655877.jpg,0,1,0,0,0,0
bee6c10382e4d7a9.jpg,0,0,1,0,0,0
899f3ae55a32e21c.jpg,1,0,0,0,0,0
f9a0c11f9e4839e3.jpg,1,0,0,0,0,0
80bf21a07dfcf047.jpg,0,0,1,0,0,0
ce8637b2c328e179.jpg,0,0,0,0,0,1
b035dfe1929e6518.jpg,0,0,0,0,1,0
ad94c095d6cbba45.jpg,0,1,0,0,0,0
a59a83d78b9a68e8.jpg,1,0,0,0,0,0
fdd608e58907e3e0.jpg,0,0,0,1,0,0
dbb249c5a9cd44d4.jpg,0,0,1,0,0,0
faa5c7b1653192e0.jpg,0,1,0,0,0,0
cfc087813b75c197.jpg,1,0,0,0,0,0
bab1d053e8abf442.jpg,0,0,1,0,0,0
ac7f81b41bc17c92.jpg,0,0,1,0,0,0
b5c751dc051e4e1e.jpg,0,0,0,0,0,1
ebd19f9c549a12d0.jpg,0,0,0,1,0,0
c3c13a9b21b4e747.jpg,0,0,0,0,0,1
c6fb06d03f1a4dd0.jpg,0,1,0,0,0,0
a768118771705f1f.jpg,0,0,1,1,0,0
babd9a9d928923b0.jpg,0,1,0,0,0,0
c0fe1e5229bd6552.jpg,0,0,0,0,0,1
abb8a707af00af51.jpg,1,0,0,0,0,0
9d9a916b81e74527.jpg,0,1,0,0,0,0
ce333d8d079f0a4a.jpg,0,0,1,0,1,0
bd8e91b46954cb94.jpg,0,0,0,0,0,1
853a15619eeb58c7.jpg,0,1,0,0,0,0
81cb3d2572b29b99.jpg,1,0,0,0,0,0
8b8c7565dcd0f960.jpg,1,0,0,0,0,0
ecf890a17ce77980.jpg,0,0,0,0,1,0
ad7737a0d282b51a.jpg,0,1,0,0,0,0
a196c2794ea0fe63.jpg,0,1,0,0,0,0
8cd3558f078f72e0.jpg,0,1,0,0,0,0
c59b650df607e518.jpg,1,0,0,0,0,0
b561e3ce939c941c.jpg,0,1,0,0,0,0
f69283c5cd6740a7.jpg,1,0,0,0,0,0
8b603b17723ea355.jpg,0,1,0,0,0,0
d2b6bab1158a8d8d.jpg,0,0,1,0,0,0
d09e0ff72c607325.jpg,1,0,0,0,0,0
c0073faf087e0f95.jpg,0,1,0,0,0,0
976e1ec60dcb023d.jpg,1,0,0,0,0,0
8dad7a6791407963.jpg,1,0,0,0,0,0
b8eec07e05726f50.jpg,0,0,0,1,0,0
bbede9c091850f0d.jpg,0,1,1,0,1,0
8ebe60843fd8b18b.jpg,0,0,1,0,0,0
a4e484f23a9bc9d9.jpg,0,0,0,0,1,1
85e53e8786664a9d.jpg,0,1,0,0,0,0
f1e08b5ada013c7e.jpg,0,0,1,0,0,0
ba06b0ea5d47aa4d.jpg,0,0,0,1,0,0
e2d6da84d93a632a.jpg,0,0,1,0,0,0
81fcce24b0ee5f90.jpg,0,0,0,0,0,1
f88c838f5e6b1866.jpg,0,0,0,1,0,0
cf8f088d954c46de.jpg,1,0,0,0,0,0
b1f0e55ada504b5a.jpg,1,0,0,0,0,0
8ccc8f24fec7448e.jpg,0,1,0,0,0,0
b48cd279e13ad0bc.jpg,0,1,0,0,0,0
efd0606bca648375.jpg,0,0,1,0,0,0
8f3bc0f76281e662.jpg,0,1,0,0,0,0
adf45b87c8e1c0e8.jpg,0,0,1,0,0,0
f6b7d282c89cac0d.jpg,0,0,1,0,0,0
999381af5a507557.jpg,0,0,0,0,1,0
adf991c9db48908b.jpg,0,0,0,1,0,0
96aa20cbd3aceaa5.jpg,0,1,0,0,0,0
c820349371fb6c9f.jpg,0,1,0,0,0,0
b4f0ee68059e95b4.jpg,1,0,0,0,0,0
aba055a8d25fbd41.jpg,1,0,0,0,0,0
b7494a17f96da00e.jpg,0,1,1,0,0,0
d4a290d29b43bd5e.jpg,0,1,0,0,0,0
eac1818da50d957f.jpg,0,1,0,0,0,0
ece68eb9709b2382.jpg,0,0,0,0,1,0
af7885c15ac3275a.jpg,0,1,0,0,0,0
a22d322b3df799c0.jpg,0,1,0,0,0,0
b166f1c9c0a6656d.jpg,0,0,0,0,1,0
ff00e6605ec75887.jpg,1,0,0,0,0,0
d7826acca9bcb862.jpg,0,0,1,0,0,0
c6cd66a452a59b5a.jpg,1,0,0,0,0,0
fae2d4c4c93a3b30.jpg,0,0,0,0,1,0
d1da92ca9e74da82.jpg,1,0,0,0,0,0
86b186392c03fdcf.jpg,0,0,0,1,0,0
adbc9082db89d8cd.jpg,1,0,0,0,0,0
c0922b657fab741c.jpg,0,1,0,0,0,0
b1858fa65f1d0e15.jpg,0,0,1,0,0,0
91819b70a8bfe395.jpg,0,0,0,1,0,0
fbea0f44b2909a78.jpg,0,1,0,0,0,0
817e97dad0c33ae0.jpg,0,1,0,0,0,0
90859ae05ae1f4df.jpg,0,0,0,0,1,0
c8619db972479936.jpg,1,0,0,0,0,0
cad4aef68af20652.jpg,0,1,0,0,0,0
c0c62f918de5bc0f.jpg,0,0,0,0,1,0
efa9f410cb80e4b3.jpg,0,0,1,0,0,0
ede2cf641686e0d8.jpg,0,1,0,0,0,0
a8f03562c2a4d9f7.jpg,0,0,0,0,0,1
a17c9256abb7350a.jpg,0,0,0,0,1,1
d924bb90ce61389f.jpg,0,1,0,0,0,0
abda897069356696.jpg,0,0,0,0,1,0
ad600a9ff749958a.jpg,0,0,1,0,0,0
ea496d75342a52ba.jpg,1,0,0,0,0,0
dd9bc134c897c817.jpg,0,0,1,0,0,0
abf6d2c60c612e99.jpg,1,0,0,0,0,0
bb92c39a8bf01d51.jpg,0,1,0,0,0,0
d2822e3e1b5f1db0.jpg,0,0,0,0,0,1
adb492c2d354a1eb.jpg,0,0,1,0,0,0
fd2ac19b469d1ab0.jpg,0,0,0,0,1,0
dfdf8881d4e0e416.jpg,0,1,0,0,0,0
b5c19fa54970e453.jpg,0,0,0,1,0,0
e1f59dc570897099.jpg,0,0,1,0,0,0
af50c50acaad5d8d.jpg,1,0,0,0,0,0
adb0dcc2cdc0c2f6.jpg,1,0,0,0,0,0
d1826b6a9797b8a1.jpg,0,1,0,0,0,0
eaa3d0c288c75b4f.jpg,0,1,0,0,0,0
b4d883d0cf974da4.jpg,0,0,1,0,0,0
8e78fa35c31587c4.jpg,0,0,1,1,0,0
c5b72c2a24924df7.jpg,0,0,0,0,1,0
8381c319657dfb68.jpg,0,0,0,1,0,0
8b9c25c9ac739a87.jpg,0,0,1,0,0,0
d6def363080d0c8f.jpg,0,0,0,1,0,0
f1bccbee83dc0098.jpg,1,0,0,0,0,0
efb0862a1efab882.jpg,1,0,0,0,0,0
c9f31eb4f6d804a8.jpg,0,0,0,1,0,0
ee2780ff9d471908.jpg,0,1,0,0,0,0
d5cfbf484b606c41.jpg,1,0,0,0,0,0
e0378f8fbd987090.jpg,0,1,0,0,0,0
8085d341ee57f03f.jpg,0,1,0,0,0,0
e9b621ca16ad3d54.jpg,1,0,0,0,0,0
ad51d44bd8ed40dc.jpg,0,1,0,0,0,0
b450c27ade59ab2c.jpg,0,0,1,0,0,0
88dc1ee9f4258fa2.jpg,1,0,0,0,0,0
fa37c0d9dcb8018b.jpg,1,0,0,0,0,0
a80a8eafb4c536b6.jpg,0,1,0,0,0,0
addec069d820f536.jpg,0,1,0,0,0,0
914859ed6cf69472.jpg,1,0,0,0,0,0
9d5460c8e7b35ca6.jpg,0,0,0,1,0,0
b89d7c5ff0a1d280.jpg,0,0,1,0,0,0
80ea75af4276ad29.jpg,0,1,0,0,0,0
f3249c3b0e892b8f.jpg,0,0,0,1,0,0
b4a3c8859bd25b3a.jpg,1,0,0,0,0,0
959dc2e94b1d1c87.jpg,0,1,1,0,0,0
915837c02b5f61bd.jpg,0,1,0,0,0,0
b0b213db5b4ba855.jpg,0,0,1,0,0,0
a8ad903ff069b594.jpg,0,0,1,0,0,0
a9b9a1f4c9505f83.jpg,0,0,0,0,1,0
bfed12c0a982659e.jpg,0,0,1,0,0,0
e9adc2d4ffe820a0.jpg,1,0,0,0,0,0
ecf9cc60308e2b57.jpg,0,0,0,1,0,0
d0a1009ea59f6fd6.jpg,1,0,0,0,0,0
dbe1b3846e06b86a.jpg,0,0,0,1,0,0
906b2f9f62c0ed68.jpg,0,0,0,0,0,1
f495908f8f9e6560.jpg,1,0,0,0,0,0
94e1c6c79e9f0968.jpg,0,0,0,0,1,0
a67a28ca69af650d.jpg,0,0,0,1,0,0
98f4000fff7b8313.jpg,0,0,0,1,0,0
a1b0d0871f0dcff8.jpg,0,1,0,0,0,0
c8232d72e49307df.jpg,1,0,0,0,0,0
e4787a671ab512b1.jpg,0,1,0,0,0,0
9db07f4d938388e4.jpg,0,0,0,1,0,0
c53b70395fb1b130.jpg,0,1,0,0,0,0
acdc8d88549873d7.jpg,0,1,0,0,0,0
acd0d5a941766b66.jpg,0,0,0,0,0,1
8bc77432bb1c5670.jpg,1,0,0,0,0,0
b4b5c898b69d930b.jpg,0,0,1,0,0,0
b76bab449b542855.jpg,0,1,0,0,0,0
a829cb961deda507.jpg,1,0,0,0,0,0
a484c1ca4bfdad2d.jpg,1,0,0,0,0,0
de22c00ae5df626d.jpg,0,1,1,0,1,0
c4d0d0f9711f6137.jpg,0,1,0,0,0,0
82db97c102e8cf9d.jpg,1,0,0,0,0,0
9dc3389fc49644d6.jpg,0,0,0,0,0,1
c0a19756722bbd56.jpg,0,0,1,0,0,0
d14360c1903f7beb.jpg,0,0,0,1,0,0
f198e1c8ff003e65.jpg,1,0,0,0,0,0
95960b8f4532787d.jpg,1,0,0,0,0,0
a4829bcdef14c617.jpg,0,0,0,0,1,0
a96a2fe6c583243d.jpg,0,1,0,0,0,0
e5e6dc266f02609e.jpg,0,0,1,0,0,0
c5143eb3279b7268.jpg,0,0,0,0,0,1
efd47470153a423d.jpg,0,1,0,0,0,0
a6f94a47de0e9491.jpg,0,0,1,0,0,0
ab91d1a9d4b49a6c.jpg,0,0,0,1,0,0
90b5d0fb4f3e22d0.jpg,0,0,0,0,1,0
a0ed9ad6c7096a55.jpg,1,0,0,0,0,0
c1c2233a0fb3dc1f.jpg,0,0,0,1,0,0
8ce35db6e11866d1.jpg,0,1,0,0,0,0
96952d807ec276d6.jpg,0,1,0,0,0,0
ed96969ad6954a41.jpg,0,1,0,0,0,0
cfcc7250b45598ba.jpg,0,1,0,0,0,0
cac0033ba92a7fd9.jpg,0,0,1,0,0,0
d5f22af236257225.jpg,0,1,0,0,0,0
958ab785cb949596.jpg,0,1,0,0,0,0
853067b3ec9c52ae.jpg,0,1,1,0,0,0
8161733dfc3c1c65.jpg,0,0,0,1,0,0
e0e88a09da1237ff.jpg,0,0,0,0,1,0
9f8e61371a3d3550.jpg,0,0,0,0,1,0
e09f855a8778b8f0.jpg,0,1,1,0,1,0
fdd292ede0636094.jpg,0,1,0,0,0,0
a1b4259a7e5a4e69.jpg,1,0,0,0,0,0
fcf4081e9ca09d73.jpg,1,0,0,0,0,0
9a754e9d3aec9142.jpg,0,1,0,0,0,0
b498c269bc25badc.jpg,0,0,0,0,1,0
89ec44e46dc276b9.jpg,0,1,0,0,0,0
92cdca92ad922cfa.jpg,0,1,0,0,0,0
b8f19421babc99c6.jpg,0,1,0,0,0,0
9587708423af6b3e.jpg,0,1,0,0,0,0
c0ea06c9bfa5d8a6.jpg,0,1,0,0,0,0
90d349c987f42f1d.jpg,1,0,0,0,0,0
b0f4c0c96111ef9f.jpg,0,0,0,0,1,0
a8858df4e4fe3618.jpg,0,1,1,0,0,0
b76dd74acc1084ce.jpg,0,0,0,1,0,0
f299876668ac9d1a.jpg,0,0,0,1,0,0
9f17329e5243907d.jpg,0,1,0,0,0,0
b59296b49a9292d7.jpg,0,0,1,0,0,0
c0f3931a78e1c6e6.jpg,0,0,1,0,0,0
f4c1c1991c683b6f.jpg,0,1,1,0,0,0
f492c79b1cd9300f.jpg,1,0,0,0,0,0
da3f9a971817601e.jpg,0,0,1,0,0,0
97828af0ff5b5070.jpg,0,0,1,0,0,0
85b5c98f1a9227a7.jpg,0,1,1,0,1,0
fd8426f1d213f429.jpg,0,0,1,0,0,0
95f66940b6d6aac1.jpg,0,0,1,0,0,0
81b3f17d0c24ff03.jpg,1,0,0,0,0,0
ba1d31639058daeb.jpg,0,0,0,1,1,0
e429cc9b99a931cb.jpg,0,0,0,0,0,1
c6af7edb2f912001.jpg,0,0,1,0,0,0
cab5a730a79bc238.jpg,1,0,0,0,0,0
cccb301ddac79871.jpg,0,1,0,0,0,0
aec0dab7641fb40c.jpg,0,0,0,0,1,0
956291ca4b7ad758.jpg,1,0,0,0,0,0
96ed12126c1a86ff.jpg,0,1,0,0,0,0
edb149d9308ced0b.jpg,0,0,0,1,0,0
ed966a4e1c6c38b2.jpg,0,0,1,0,0,0
b465cbd64c19725a.jpg,0,1,0,0,0,0
c85f3e2036ef12ca.jpg,0,1,0,0,0,0
f4211b926adbd6e0.jpg,1,0,0,0,0,0
c3e00fc3f6af4096.jpg,0,1,0,0,0,0
b841b309d29edb5a.jpg,0,1,1,0,0,0
e8c7c06f8f701d70.jpg,0,1,0,0,0,0
a7c6e7c206fc08bc.jpg,0,0,0,0,0,1
abaf573894517854.jpg,0,1,0,0,0,0
c1dc6b39701eca8e.jpg,0,0,0,0,0,1
d3cec18aa4df089d.jpg,1,0,0,0,0,0
9bb0c062e31fb69c.jpg,0,1,0,0,0,0
a9b665c8d285b1e5.jpg,1,0,0,0,0,0
aab65b60c5b6f0c2.jpg,0,0,1,0,0,0
8a972fc8126ef136.jpg,0,1,0,0,0,0
a994d6d291da40fd.jpg,0,1,0,0,0,0
eb6c88e07c1f2633.jpg,0,0,1,0,0,0
85b9a99a4bcc6dc8.jpg,0,1,0,0,0,0
f093f6605fa108bd.jpg,0,0,1,0,0,0
c0b00f5bf19cb1ce.jpg,0,0,1,0,0,0
bf0162fe6c4098cf.jpg,0,0,1,0,0,0
bd7fd06581168732.jpg,0,1,1,0,0,0
a79492e90e653ec3.jpg,0,1,0,0,0,0
efe9cf50cf1a0a08.jpg,0,0,1,0,0,0
c0c73d4ea046bf6c.jpg,0,1,0,0,0,0
b5a3475ea46cc2aa.jpg,0,0,1,0,0,0
86f9e7355a26384c.jpg,0,1,0,0,0,0
8935609715f7d28b.jpg,0,1,0,0,0,0
b570dc9839c191e7.jpg,0,0,1,1,0,0
e1019ab5ddd11acb.jpg,1,0,0,0,0,0
828535ca4b7e2ed6.jpg,0,1,0,0,0,0
fd80cfc1c3e32b03.jpg,0,0,0,0,0,1
b14ddac46a2a3795.jpg,0,1,0,0,0,0
886f2ea5bdd5a121.jpg,0,0,0,0,0,1
cc448768ff40fe07.jpg,0,0,1,0,0,0
ed289827d57592f0.jpg,0,1,1,0,0,0
a88795d8d2398b3d.jpg,0,0,0,0,1,1
ea675274ca82ac9b.jpg,1,0,0,0,0,0
d79341f2584f4257.jpg,0,1,0,0,0,0
e26867cf9c5c98b0.jpg,0,0,0,0,1,0
e568ca54cddd2d81.jpg,0,0,0,1,0,0
87356af8652f7818.jpg,0,1,0,0,0,0
e5bb8da06acd3740.jpg,1,0,0,0,0,0
c4c64aee694496be.jpg,1,0,0,0,0,0
e257f4861f90e21e.jpg,0,0,0,0,0,1
d5fde88500c61ddc.jpg,0,0,1,0,0,0
a89fc0503e7c29bd.jpg,0,0,0,1,0,0
e7ba97c10ada618c.jpg,1,0,0,0,0,0
87fa3f21f4659034.jpg,0,0,0,0,1,0
bf36052ada36063d.jpg,1,0,0,0,0,0
f52b20978f3d28e1.jpg,1,0,0,0,0,0
e493c289c66f313e.jpg,0,0,0,1,1,0
bda1055bacb0578d.jpg,0,0,1,0,0,0
fc0795f8820b0bcf.jpg,0,1,0,0,0,0
af5e95807a7f2a80.jpg,0,0,0,1,0,0
e0c48514f0f5f763.jpg,0,1,0,0,0,0
d9d1f89399c8856c.jpg,0,1,0,0,0,0
c4c62f9f70df01e0.jpg,0,0,1,0,0,0
e5c9d28f8a15ac99.jpg,0,0,0,1,0,0
cd18a7b9792c1b4c.jpg,0,0,1,0,0,0
fa04e7286fcd6254.jpg,0,1,0,0,0,0
bc8d94cad7cb2b02.jpg,0,0,0,0,1,0
eb381c85c11cb5de.jpg,0,0,1,0,0,0
a5a9eac6565854b5.jpg,0,0,0,1,0,0
9e16f0cb615b33a4.jpg,0,0,1,0,0,0
de9a27d790d09315.jpg,0,1,0,0,0,0
80acd65fd76ac8a4.jpg,0,1,0,0,0,0
faa7a00c8a5e5e78.jpg,0,0,1,0,0,0
d5f4ca0a199a399d.jpg,1,0,0,0,0,0
b247ccfc06bfe808.jpg,0,0,0,0,1,0
f290d75a1cbd0791.jpg,0,1,0,0,0,0
dc75921d9bcb1c0a.jpg,0,1,0,0,0,0
c03f6a3ad3c4358d.jpg,0,1,0,0,0,0
9bd2678513d89ea8.jpg,0,0,0,0,0,1
b597f61f202e7881.jpg,0,1,0,0,0,0
d023c15f9eb8e1a9.jpg,0,0,0,0,1,0
f69fc0d99889a0d5.jpg,0,0,1,0,0,0
bd8918c9cc56fa52.jpg,0,0,1,0,0,0
a8f2d64a5825b5b5.jpg,0,1,0,0,0,0
85ae6cc33675c60e.jpg,0,0,0,0,0,1
97ed50c28598ff30.jpg,0,1,0,0,0,0
dcdf322003256f79.jpg,0,1,0,0,0,0
b5d7d543d2f00962.jpg,0,0,1,0,0,0
c536ddcc38c126d5.jpg,1,0,0,0,0,0
c1f0e3eb8f212d0b.jpg,1,0,0,0,0,0
c2a7cf1e7821b98a.jpg,1,0,0,0,0,0
cd8a3c80aea8afe3.jpg,0,1,1,0,0,0
c4e63c0ef61b9b81.jpg,1,0,0,0,0,0
f51828873ed39be0.jpg,1,0,0,0,0,0
db6b29c0346ee0e6.jpg,0,0,0,1,0,0
c274c3c3d76f141c.jpg,0,1,0,0,0,0
ebbfc458ce6888e0.jpg,0,0,0,1,0,0
83ac2ccacb0fd2b9.jpg,0,0,0,0,0,1
b1b8d0c19a799957.jpg,0,1,0,0,0,0
aa88925f2f3c62b3.jpg,0,0,0,0,0,1
a8bd55b203daa0de.jpg,1,0,0,0,0,0
f11dc0b6cf671c0c.jpg,0,0,1,0,0,0
90fb74d027ab7702.jpg,0,0,1,0,0,0
c0cbc723e253d5d2.jpg,0,1,0,0,0,0
ebb4c46b484a8f95.jpg,0,0,0,1,0,0
f4acc2908b5a9fb8.jpg,0,0,1,0,0,0
ebdfd21c4b01c90d.jpg,0,0,0,0,0,1
b5da750f9a3034d2.jpg,0,0,0,1,0,0
e91ed270d8a5e90b.jpg,0,1,0,0,0,0
c8a83ed8f09e12de.jpg,1,0,0,0,0,0
a06a5237afb63a1a.jpg,0,0,1,0,0,0
b5d4c6c564772568.jpg,0,0,1,0,0,0
ad46d4ecc9ed5540.jpg,1,0,0,0,0,0
e5bc83c5812661fd.jpg,0,1,0,0,0,0
b4d6db43a94da4c2.jpg,0,1,0,0,0,0
bdc0d09e2eb436c3.jpg,0,0,1,0,0,0
9325f52a34abd05e.jpg,0,0,0,1,0,0
ea36ea5c4d9552a1.jpg,1,0,0,0,0,0
b41594c3fe494be4.jpg,1,0,0,0,0,0
a04a7269a7d78793.jpg,1,0,0,0,0,0
a43ede60d961e9d0.jpg,0,0,1,0,0,0
f88283878381bbfd.jpg,0,1,0,0,0,0
a58fe466e5781178.jpg,0,0,1,0,0,0
80a06ecffc53017f.jpg,0,0,1,0,0,0
f41d964aca8768f4.jpg,0,0,0,0,0,1
b42d4b9a42d9b36a.jpg,1,0,0,0,0,0
a0f2db932f4d41b4.jpg,0,1,0,0,0,0
a786284969ca3fb5.jpg,1,0,0,0,0,0
e78610d4d04d7de9.jpg,0,1,0,0,0,0
b4b0c6284ee1a7cf.jpg,0,0,0,0,1,0
e4e81a68cb56e3b4.jpg,0,0,0,1,0,0
e0a59acbe9c43396.jpg,0,0,0,0,1,0
d0bc607d2d72f341.jpg,1,0,0,0,0,0
e0fec0c0838bcf8f.jpg,0,0,0,1,0,0
cc612ed9e5107f19.jpg,0,0,1,1,0,0
d8dad1d5c1eac2c4.jpg,0,0,1,0,0,0
e7dc4fa825607a85.jpg,0,1,0,0,0,0
a1ad9a935a6a6a2e.jpg,0,0,1,0,0,0
bbe4d10b041f6e39.jpg,0,0,0,0,0,1
fca5aac8eac2f602.jpg,0,0,0,0,1,0
c8c60ceeec4a46f5.jpg,0,1,0,0,0,0
ab90a590dd415bcf.jpg,1,0,0,0,0,0
95da3f630721252f.jpg,0,1,0,0,0,0
b4bc4fc1654fe1c0.jpg,0,0,1,0,0,0
bc65d81236e15c73.jpg,1,0,0,0,0,0
fcca4570bc5259e4.jpg,0,1,1,0,1,0
c19ee3915f1d30c6.jpg,0,1,0,0,0,0
833857d06e6991f6.jpg,1,0,0,0,0,0
b28792305b9575da.jpg,0,0,1,0,0,0
b966d08f6e385724.jpg,0,0,0,1,0,0
90aed986c9cfe4c1.jpg,0,0,1,0,0,0
cfe7658e80129b87.jpg,0,1,0,0,0,0
e6f260b7b415d434.jpg,0,0,0,1,0,0
84cf8c8fd5978b81.jpg,1,0,0,0,0,0
a2aeb7a5508e7a8a.jpg,0,0,0,0,0,1
f8914f671cda90c6.jpg,1,0,0,0,0,0
e3921d58a3a5acad.jpg,0,0,0,1,0,0
d8b52634c9165de6.jpg,0,0,0,1,0,0
c2e1d6668b60e19f.jpg,0,0,1,0,0,0
d9b001e39f2d3e8c.jpg,0,1,0,0,0,0
ce8556a10cf501ff.jpg,0,1,0,0,0,0
e8c48b96add9e065.jpg,0,0,1,0,0,0
9ccbc2c5d1aaf078.jpg,1,0,0,0,0,0
a7da82951078773b.jpg,1,0,0,0,0,0
a6a47d8b0138fcd5.jpg,0,0,1,0,0,0
9b3648259a994f6d.jpg,0,0,0,0,0,1
c47a6ed8a111175f.jpg,0,1,0,0,0,0
b897eaf0742c701d.jpg,0,0,0,0,1,0
aad0c569a12aaafb.jpg,0,1,0,0,0,0
c3379cca61998dcc.jpg,1,0,0,0,0,0
f21097ce15ba9e13.jpg,1,0,0,0,0,0
eba89d55225344af.jpg,0,0,0,1,0,0
fc8fccc6c4dcc8c0.jpg,0,1,0,0,0,0
b0d8d1dcc9be818d.jpg,0,1,0,0,0,0
fd8dc00e8576eea0.jpg,1,0,0,0,0,0
a136cd2acc116ff8.jpg,0,0,1,0,0,0
cd9698463a3df270.jpg,0,0,0,0,1,0
e1a1063f56635f4c.jpg,1,0,0,0,0,0
c4edbd2ed0c8b03c.jpg,0,1,0,0,0,0
bf66497b050bce06.jpg,0,0,0,0,0,1
fcf7c253a7c80231.jpg,1,0,0,0,0,0
c5b434bf5e482ca5.jpg,0,0,1,0,0,0
c4870fc068dfc0fb.jpg,1,0,0,0,0,0
f1bb28fee48284c3.jpg,0,1,0,0,0,0
d4b4dacc21b06b97.jpg,0,0,0,0,0,1
9be4e943b1999a19.jpg,0,0,0,0,1,0
94a873d2895adda5.jpg,0,1,0,0,0,0
bbe5d2cf4411ad0a.jpg,0,1,0,0,0,0
a8c47d7848ada91f.jpg,0,0,0,1,0,0
b7628746264daacd.jpg,1,0,0,0,0,0
fba4dc930093135f.jpg,1,0,0,0,0,0
e51485651d273779.jpg,0,0,0,0,0,1
b49e9a954d8554cd.jpg,1,0,0,0,0,0
a663c3f61f02237c.jpg,0,1,0,0,0,0
86da92c9249ccfd3.jpg,0,1,0,0,0,0
bc943d355ae8c8e8.jpg,1,0,0,0,0,0
ff9d804a4661e4a7.jpg,0,1,0,0,0,0
cccb15a3875c393a.jpg,0,0,0,1,0,0
ae4c5a950daf4b54.jpg,0,0,1,1,0,0
fe4840de655aa8ad.jpg,1,0,0,0,0,0
b09b1a90948fecdd.jpg,0,0,0,0,0,1
f08fcf469f61c0e0.jpg,0,0,1,0,0,0
a8f09383dcaf6307.jpg,0,1,0,0,0,0
d2093b747ae213d6.jpg,0,0,1,0,0,0
c5bd454a1372da72.jpg,0,0,1,0,0,0
a9dcdb6d22b91681.jpg,0,0,1,0,0,0
ec62c0a3dc0fb1ce.jpg,1,0,0,0,0,0
e4fea416c274fc60.jpg,0,0,0,1,0,0
ebcfc460846470fd.jpg,0,0,1,0,0,0
c29d2d337c0ed2e4.jpg,0,1,0,0,0,0
f58aa75a9a6c8ac2.jpg,0,0,1,0,0,0
c0af9eba5bca0a52.jpg,0,1,0,0,0,0
af86dadf003c13e1.jpg,0,1,1,0,0,0
8e7986d1ecd36445.jpg,1,0,0,0,0,0
fff080b2c394cf48.jpg,0,0,0,1,0,0
bf8fdcf0dc2060b0.jpg,0,0,0,0,1,0
af14d629ea6f1826.jpg,0,1,0,0,0,0
e2b687c43c71d2a9.jpg,0,0,0,0,0,1
e4e88fc4851ab6f4.jpg,0,0,0,0,1,0
e6a21cb69da821bb.jpg,0,0,1,0,0,0
9f0d920dc46cc36f.jpg,0,0,0,0,1,0
a0c585fd0a7d3707.jpg,0,1,0,0,0,0
a583c1433a3b3b5b.jpg,1,0,0,0,0,0
b124c91bec5b5f14.jpg,1,0,0,0,0,0
ebf49a2e4f217085.jpg,0,1,0,0,0,0
ddb462c1932e7bc0.jpg,0,1,0,0,0,0
dc761f4ff008e0e1.jpg,0,1,0,0,0,0
e5144f7b52721a4e.jpg,0,1,0,0,0,0
a5e9fd0b599b0524.jpg,0,1,0,0,0,0
ab44923e11b507fe.jpg,1,0,0,0,0,0
cf8d3138b3653352.jpg,0,0,1,0,0,0
848671b6d92b75a6.jpg,0,1,0,0,0,0
ffa0ad0756929391.jpg,0,0,0,1,0,0
d5f8c90d8a2e7652.jpg,0,0,0,1,0,0
aa4c3b98b9399393.jpg,0,0,0,1,0,0
ad43d2868af552ce.jpg,1,0,0,0,0,0
c96f37f88c4c26c1.jpg,0,0,0,0,0,1
d2aa52d331432b77.jpg,1,0,0,0,0,0
cdc773f8070503e9.jpg,0,0,1,0,0,0
9c6eed874623c98a.jpg,0,1,0,0,0,0
dc32d69aba2b812b.jpg,0,0,0,1,0,0
e49e853c9ea51c27.jpg,1,0,0,0,0,0
a1e0d5f01f1a59d9.jpg,1,0,0,0,0,0
ebb14c6612d989ec.jpg,1,0,0,0,0,0
caa63498933bee85.jpg,1,0,0,0,0,0
c7b842e578ce446b.jpg,0,0,0,0,1,0
e0d27dd08e95e199.jpg,0,1,0,0,0,0
ffd4c5088f4605a7.jpg,0,0,0,0,1,0
f0180f0b3dde16b6.jpg,0,1,0,0,0,0
e5ee33f5c4a01631.jpg,0,0,0,1,0,0
adad4ab6c281d5ac.jpg,1,0,0,0,0,0
de44a69ccda07a35.jpg,0,0,0,0,1,1
fbe5c081e42f8366.jpg,0,1,0,0,0,0
e0bf978b4ac56825.jpg,0,0,0,0,0,1
f5b7c20f43016b95.jpg,0,1,0,0,0,0
eaf451b2d5e28295.jpg,0,1,0,0,0,0
8dd6208b3ae54b4f.jpg,1,0,0,0,0,0
b1ca921e1bb6678a.jpg,1,0,0,0,0,0
ba9ee28481257773.jpg,0,1,0,0,0,0
84633e4af84bbc17.jpg,0,1,0,0,0,0
acb91a1a6065afb6.jpg,0,0,1,0,0,0
d4786593d96d7284.jpg,0,1,0,0,0,0
d2d1f9d18a8989cd.jpg,1,0,0,0,0,0
aede6aad01713532.jpg,0,1,0,0,0,0
ef32960a5ec5878c.jpg,0,1,0,0,0,0
a55ab15dd22cdb14.jpg,0,1,0,0,0,0
ebe1702a1cfca2ca.jpg,0,1,1,0,0,0
caaf5551b7585458.jpg,0,1,1,0,1,0
bf4092df4d6d2494.jpg,0,0,0,0,1,1
9e8ccf32f5425c85.jpg,0,0,0,0,1,0
b91b3191e2654ee6.jpg,0,0,0,1,0,0
c6cb61811e30ff4d.jpg,0,0,1,0,0,0
af9d4a9a1d01b5e4.jpg,0,0,1,0,0,0
faa8529ab5e24754.jpg,0,1,1,0,1,0
a6b6599956c5c46c.jpg,1,0,0,0,0,0
aacedff0d881c189.jpg,0,0,0,1,0,0
a9aa4dd26e8fc0cc.jpg,0,0,1,0,0,0
f4a1439d1e3071b7.jpg,0,0,1,0,1,0
cf94c4c2393c73ca.jpg,0,0,1,0,0,0
a7d2a3c2cab51f30.jpg,1,0,0,0,0,0
d03fcce03447353e.jpg,0,1,0,0,0,0
ee80c6c08aef9c4f.jpg,0,1,0,0,0,0
9414b26503ce97bf.jpg,0,1,1,0,0,0
9e86de42723231bd.jpg,0,0,0,1,0,0
b592b79548186c7b.jpg,0,1,0,0,0,0
9472e4d782deb192.jpg,0,0,0,1,0,0
dbe1c32a2d153e2c.jpg,0,0,0,0,1,0
afaeca8d64ce90a4.jpg,0,1,0,0,0,0
d2c9d57a0d626563.jpg,0,1,0,0,0,0
aac0d5128ebaaeab.jpg,0,0,0,1,0,0
f1c101833b377be2.jpg,0,0,1,0,0,0
d7a72ce0c0eacb49.jpg,0,1,0,0,0,0
95ea25d4bbf87900.jpg,0,1,0,0,0,0
dc4426b24bb1df98.jpg,0,0,1,0,0,0
d9df5ad2c9918489.jpg,0,1,0,0,0,0
929a0b0d499dbea7.jpg,0,1,0,0,0,0
e4a55870fc9f1394.jpg,1,0,0,0,0,0
9507976774e01d1d.jpg,1,0,0,0,0,0
b4c1d8ca0d7eee30.jpg,1,0,0,0,0,0
aa4ec09174ef58d3.jpg,1,0,0,0,0,0
f0bcdac7e03516d0.jpg,0,0,1,0,0,0
cad266c5af39a832.jpg,1,0,0,0,0,0
be6dd6c0ded88508.jpg,1,0,0,0,0,0
f0e4c792b6d2924b.jpg,0,0,0,0,1,0
c0a020df9b3eded8.jpg,1,0,0,0,0,0
d8980c8e2ce7f762.jpg,0,0,0,0,1,0
ff910611cff94303.jpg,0,0,0,1,0,0
9409f44567703b3f.jpg,0,0,0,1,0,0
b87021db3bcd3564.jpg,0,0,0,1,0,0
da0c77d1c00bfcc3.jpg,1,0,0,0,0,0
e1e422dd525277ac.jpg,0,0,0,0,1,1
f5c487a8e3aa42ba.jpg,1,0,0,0,0,0
aab3d2b598d2e858.jpg,0,0,0,1,0,0
95e1c532353bc38d.jpg,0,0,1,0,0,0
a3a9f195cf8a8d14.jpg,0,0,1,0,0,0
c13f9bc1e8808f37.jpg,0,1,0,0,0,0
dfc883689f01cf31.jpg,0,0,1,0,1,0
a0304ff9fc1f4b60.jpg,1,0,0,0,0,0
e32938df4d780ea4.jpg,0,0,0,0,0,1
d7707b87601e9721.jpg,1,0,0,0,0,0
c9853ff5d0c147a4.jpg,0,1,0,0,0,0
a781d2eb61a5b698.jpg,1,0,0,0,0,0
9217c53da18de1ae.jpg,1,0,0,0,0,0
b66292b64a9a74da.jpg,1,0,0,0,0,0
af23b07f32793508.jpg,0,1,0,0,0,0
f8bda700f2fc0607.jpg,0,0,1,0,0,0
ae51f5f34a251b21.jpg,1,0,0,0,0,0
e0b2d2a93984bd97.jpg,0,0,1,0,0,0
b662d2e7cc38e4e0.jpg,0,1,1,0,0,0
fd289d97492b2127.jpg,0,0,1,0,0,0
c89d4e085fbe7470.jpg,0,1,0,0,0,0
d5e8bad0b9381e94.jpg,0,1,0,0,0,0
95a1679535d29f30.jpg,1,0,0,0,0,0
e87f6a7584710473.jpg,0,0,0,1,0,0
baacd8f0f29a7061.jpg,0,0,0,1,0,0
a9fe97258ad388d0.jpg,0,0,1,0,0,0
b3e58f864c3d306a.jpg,0,0,1,0,0,0
a1c7863c17f14759.jpg,0,0,1,0,0,0
9734517c93495e63.jpg,0,0,0,0,1,0
855b356b9174a9aa.jpg,0,1,0,0,0,0
fce3c0b7381a32e8.jpg,0,0,0,0,1,0
f0daf0c0828f9f0f.jpg,0,1,0,0,0,0
a7bd1e197065a2c6.jpg,0,0,0,0,1,0
f21e80e56bc761b8.jpg,0,1,0,0,0,0
9185e58ff11ed158.jpg,0,1,0,0,0,0
f455c0790fa67c0e.jpg,0,0,0,1,0,0
d0c821fcd1f5d30d.jpg,0,1,0,0,0,0
b63fc9cc688ee2c0.jpg,0,0,1,0,0,0
ee003ef59486acb6.jpg,0,0,0,0,1,0
e1b0c1bc9fcf3105.jpg,1,0,0,0,0,0
d4ec6790299925f5.jpg,0,0,0,1,0,0
c6c7ead3888a99a5.jpg,0,1,0,0,0,0
cb5f3b6099dc1423.jpg,0,1,0,0,0,0
f5bfe1bd411cc280.jpg,0,0,1,0,0,0
a97e8194db985a99.jpg,0,0,1,0,1,0
d973c60c3961c2cf.jpg,0,0,0,0,1,0
a1d2b7d02ad45cad.jpg,1,0,0,0,0,0
f5bbe1989b3901c4.jpg,0,0,0,0,1,0
cac6ea04884cff7c.jpg,0,1,0,0,0,0
983f66d9382446cf.jpg,0,0,0,0,0,1
eacf27a45015cb3a.jpg,1,0,0,0,0,0
c0b4778ba7de3e00.jpg,0,1,0,0,0,0
b0791fdf173198a0.jpg,1,0,0,0,0,0
c0f03dc8ba695a7c.jpg,0,1,0,0,0,0
faabc9c5093d0db0.jpg,0,0,1,0,0,0
adc7d5c3cb456029.jpg,0,1,1,0,0,0
b600c9f06eb362cf.jpg,0,0,0,0,0,1
cf83b242682eae3d.jpg,0,0,0,1,0,0
8181321fe6f2cf27.jpg,0,0,1,0,0,0
c66c0f0ddc7f3141.jpg,1,0,0,0,0,0
b4facb596881322f.jpg,0,1,0,0,0,0
96507e7595ea2954.jpg,0,0,0,1,0,0
af3cd6955a998909.jpg,0,1,0,0,0,0
f584c0c8c5e497b7.jpg,1,0,0,0,0,0
a52bdfd2504b0cbc.jpg,0,0,0,0,1,0
f06d6b829f1568c9.jpg,0,0,0,1,0,0
e0c0aad0efd08fe3.jpg,0,1,1,0,0,0
89cb83b03f3c60cf.jpg,0,0,0,1,0,0
e5909e47616339b9.jpg,0,0,0,0,1,0
c476c9ca6f302793.jpg,1,0,0,0,0,0
95c71dc0cffa050e.jpg,0,0,0,0,1,0
f9c4d9c0dd81e495.jpg,0,1,0,0,0,0
86c8358db7d560ad.jpg,1,0,0,0,0,0
a8cd492386bb4af3.jpg,0,1,1,0,0,0
bc8a0d9e0f90e85f.jpg,0,0,0,0,0,1
f899e1574f9a1063.jpg,0,0,0,0,1,0
d2d8c79fcc041e78.jpg,1,0,0,0,0,0
a57abed01897c916.jpg,0,1,0,0,0,0
aee3204d3d393e34.jpg,0,1,0,0,0,0
a9dfd099c7f007a0.jpg,1,0,0,0,0,0
abb6d1b68080afd3.jpg,0,1,0,0,0,0
de81defbc0516512.jpg,0,0,1,0,0,0
f9c2db6d940720f4.jpg,0,1,0,0,0,0
800f85dc5f407aef.jpg,0,0,0,1,0,0
b512dae909d6d4d4.jpg,1,0,0,0,0,0
fdb780c19f091f09.jpg,0,1,0,0,0,0
ad2bd48aa8e517b4.jpg,1,0,0,0,0,0
b460d0facd1e2d1b.jpg,1,0,0,0,0,0
848e3ebfc16fc844.jpg,0,0,1,0,0,0
b04dd238ddb254d5.jpg,1,0,0,0,0,0
f0f80cc1788e71bd.jpg,1,0,0,0,0,0
92e4c4964f8f370d.jpg,1,0,0,0,0,0
b09ec0cdeae53a25.jpg,0,1,0,0,0,0
9f1e69d6e08aa2c5.jpg,0,0,1,0,0,0
def76a9002058be7.jpg,0,0,0,0,0,1
f781e82697b60273.jpg,0,1,1,0,1,0
cd2b3ceaf41c6a14.jpg,1,0,0,0,0,0
f0bd9f01383ee348.jpg,1,0,0,0,0,0
e0c31fbf08307d0f.jpg,0,0,1,0,0,0
b01fc36dcf2148f2.jpg,0,1,1,0,1,0
ac909f1b4e867e46.jpg,0,0,0,0,1,0
d14a26bccd72a627.jpg,0,0,0,0,0,1
d0a624da352cd67b.jpg,0,1,0,0,0,0
fcf1939f1d1850e0.jpg,0,1,0,0,0,0
c0df29ce91d73950.jpg,0,1,0,0,0,0
bfd5c3aa200f33e0.jpg,0,1,0,0,0,0
c03f2ce63cca91c7.jpg,0,0,1,0,0,0
adb3d7ec0d253c02.jpg,0,1,0,0,0,0
e4c81ce55c27dec1.jpg,1,0,0,0,0,0
b4a19abc8af985d1.jpg,0,0,1,0,1,0
bad6cdcbc493a064.jpg,0,0,0,1,0,0
c03afb8149b1d9ec.jpg,0,1,0,0,0,0
80d32f977a83d0ea.jpg,0,0,0,0,1,0
d51a7bf815ca60e4.jpg,0,0,1,0,0,0
b497cbde944c1a62.jpg,1,0,0,0,0,0
bab5924a156d9ec8.jpg,0,1,0,0,0,0
fc248e8e9fe03075.jpg,0,1,1,0,0,0
dd28c8d8bcf8a90b.jpg,0,0,0,1,0,0
df38618b63c0c375.jpg,1,0,0,0,0,0
c3746b963742c387.jpg,0,0,0,1,0,0
f588106b4a037f77.jpg,1,0,0,0,0,0
e074887f0a0afafa.jpg,0,0,1,0,0,0
fcb820c81d15b72f.jpg,1,0,0,0,0,0
819ccb788637f0d3.jpg,0,1,0,0,0,0
a03f995a9b884f9c.jpg,0,0,0,0,1,0
cd9233e52ae427a6.jpg,1,0,0,0,0,0
e5a1822ffe52f0a1.jpg,1,0,0,0,0,0
e09e9e96a72aa21b.jpg,0,1,0,0,0,0
eb1ad078c170c7b5.jpg,0,1,0,0,0,0
d9acd2b5e86b3481.jpg,1,0,0,0,0,0
c11ed1da2d633e61.jpg,0,0,0,0,0,1
c0833bfd3c7c2839.jpg,0,1,0,0,0,0
bf8675ba02798730.jpg,0,1,0,0,0,0
d649dab10b73b065.jpg,0,0,1,0,0,0
a7bc93c68c2a1cea.jpg,0,0,1,0,0,0
a53ac6a4da57e198.jpg,1,0,0,0,0,0
b801305b6a656fe7.jpg,0,1,0,0,0,0
b5d079ed1c2426e5.jpg,0,0,1,0,0,0
c67c2c1e8362d766.jpg,0,1,0,0,0,0
967b689242d493f5.jpg,1,0,0,0,0,0
e9d34f92633706a1.jpg,0,1,1,0,0,0
978038f973a1e366.jpg,0,0,1,0,0,0
8bf8dc40ec70a4fa.jpg,1,0,0,0,0,0
d4379cde420c4f33.jpg,0,0,1,0,0,0
f5159b2b2df1206a.jpg,0,0,0,0,1,0
98f47cc5459e2e98.jpg,0,1,0,0,0,0
aaa9d194cbd69ac8.jpg,1,0,0,0,0,0
f078a3f187c18ba9.jpg,1,0,0,0,0,0
e35c15309c9f32cb.jpg,0,1,0,0,0,0
f00699f21c1e8eeb.jpg,0,1,0,0,0,0
f0fd90185af1aaa9.jpg,1,0,0,0,0,0
f61b86391ccb1ec4.jpg,0,0,1,0,0,0
8d93735ada92342e.jpg,0,0,0,0,0,1
88217ddaba74dac8.jpg,0,0,0,1,0,0
98ba1a557464cdb5.jpg,1,0,0,0,0,0
a5eeb294c45f2827.jpg,0,0,1,1,0,0
b88cd081474b9aff.jpg,0,1,0,0,0,0
9d7be083970272ce.jpg,0,1,0,0,0,0
ff60e3b0c1638ae2.jpg,0,1,0,0,0,0
e9a494309f82dadd.jpg,0,1,0,0,0,0
84cb3a362cced993.jpg,1,0,0,0,0,0
86fc580d66c66bd4.jpg,0,1,0,0,0,0
bfa4908495c69b97.jpg,0,0,1,1,0,0
c2c21ebef0cdc531.jpg,1,0,0,0,0,0
d4177d97aa0c99a8.jpg,0,1,0,0,0,0
ada7c018c23be975.jpg,0,1,1,0,0,0
ec9f40a0e64d1f66.jpg,1,0,0,0,0,0
e8431c3bb37b8711.jpg,1,0,0,0,0,0
beb70fc360e0f038.jpg,0,1,0,0,0,0
e9a1d3d81b707532.jpg,0,1,1,0,0,0
a9dc815a27b67626.jpg,0,1,0,0,0,0
c00ffc18bd1ce36c.jpg,0,1,0,0,0,0
eaa19df7900ebac0.jpg,0,0,1,0,0,0
b44a0e3adde10d1f.jpg,0,0,1,0,0,0
e1afdf604b2ea2c0.jpg,0,0,0,1,0,0
83b125f6948bf61c.jpg,0,0,1,0,0,0
8347d2cc8ac2977d.jpg,0,1,0,0,0,0
ffbe2f800823d037.jpg,0,1,0,0,0,0
cd9cd3f8a1302637.jpg,0,1,0,0,0,0
b8aa92b233e1cc5d.jpg,0,0,0,0,1,0
8b7ef0421e19ae5a.jpg,0,0,0,1,0,0
cc2e3f9750561c2e.jpg,0,1,0,0,0,0
a8bd7e787080ed85.jpg,0,0,1,0,0,0
cf9cc993c3d32581.jpg,0,0,0,1,0,0
e0cd96d84bb2eb42.jpg,1,0,0,0,0,0
cddd20c43963ce2e.jpg,0,0,1,0,0,0
f5f185a383e40ae6.jpg,0,0,0,1,0,0
a0b01bcf6c3c9df0.jpg,0,1,1,0,0,0
9deb1b81c42b4576.jpg,0,1,0,0,0,0
d02a31ff24fba603.jpg,0,0,0,0,0,1
fa8ba427c60acf29.jpg,0,0,1,0,0,0
96b4b5b5615d4962.jpg,1,0,0,0,0,0
849a8d127bfaeb21.jpg,0,0,0,1,0,0
ff329bc1af3820b0.jpg,0,0,1,0,0,0
868d7c3ab5c545a6.jpg,0,0,1,0,0,0
f252928b5fb528b2.jpg,0,0,1,0,0,0
8ed56dd8b2c1c15a.jpg,1,0,0,0,0,0
ffb7de908858884a.jpg,0,0,0,1,0,0
d4c6e8c2880bcf7d.jpg,1,0,0,0,0,0
fc8dc0c1179f545a.jpg,0,1,0,0,0,0
a86b3a2ee587a50b.jpg,0,0,0,1,0,0
ecc5c597cd1ac01b.jpg,0,1,0,0,0,0
a6a6174ea52ca55e.jpg,1,0,0,0,0,0
f9f0c188506dba57.jpg,1,0,0,0,0,0
e197dc606d6ae843.jpg,1,0,0,0,0,0
a2d96f930deb84e0.jpg,1,0,0,0,0,0
a8a08deadc47d9ca.jpg,0,0,1,0,0,0
f57062ca4abd9474.jpg,1,0,0,0,0,0
c02dbf9f433028fa.jpg,0,0,0,1,1,0
a4a9d2b44df82ce9.jpg,0,0,1,0,0,0
c0ec8f7f06257a38.jpg,0,1,0,0,0,0
af5a31d2ca953332.jpg,1,0,0,0,0,0
c40ff130b7e9d885.jpg,0,1,0,0,0,0
d0f9cfa045d33349.jpg,0,0,0,0,1,0
fad234cd112ad8d5.jpg,0,0,0,0,1,0
a5d265aae9b64836.jpg,0,0,1,0,0,0
b47199950ddf268c.jpg,1,0,0,0,0,0
d0e3614b07a8faf4.jpg,1,0,0,0,0,0
d1a7d2e6bc644a13.jpg,0,0,0,1,0,0
ed72c432a99ac92d.jpg,0,0,1,0,0,0
cc66388e63b1cc37.jpg,0,0,1,0,0,0
d2dd998698a7ec60.jpg,0,1,0,0,0,0
a08795b81fd0be93.jpg,1,0,0,0,0,0
e1c1478f9cdd522a.jpg,0,0,1,0,0,0
fced420fd88f8e80.jpg,1,0,0,0,0,0
dbba615b96d032c8.jpg,1,0,0,0,0,0
9ad52bd241ba855e.jpg,0,1,0,0,0,0
b594d286ddcfc0c8.jpg,1,0,0,0,0,0
c0b175c783bb6f08.jpg,0,0,0,1,0,0
b1711ad0e56e0f0f.jpg,0,0,0,0,1,0
c7e003797e7e3482.jpg,1,0,0,0,0,0
c1a07d04b09eff8d.jpg,0,0,1,0,0,0
baf181839e6a4a6d.jpg,0,1,0,0,0,0
b298cda08f675e26.jpg,0,0,1,0,0,0
a592ba09f2d7532a.jpg,0,0,0,0,0,1
c48a3ed0871fe89e.jpg,0,1,0,0,0,0
80939571de62d5b6.jpg,0,0,1,0,0,0
ec5cc24ed65d44a5.jpg,1,0,0,0,0,0
c0f4e8870cdcaff0.jpg,0,1,0,0,0,0
85e269f2ca36761c.jpg,0,0,0,0,0,1
a5d449e56c83b29d.jpg,0,0,0,1,0,0
f191bc66cd8f8a82.jpg,0,0,1,0,0,0
d28962d6caf65495.jpg,0,1,0,0,0,0
da04f131e63b933a.jpg,0,0,0,0,0,1
bf94d4ab3466c294.jpg,0,0,0,1,0,0
cf683615876164f6.jpg,0,0,0,0,0,1
fd05b53c117bc24a.jpg,1,0,0,0,0,0
abee95ec90943916.jpg,0,0,0,1,0,0
9fd0e6e39041e897.jpg,0,0,0,0,0,1
f0cad26ccca8e8b3.jpg,0,0,1,0,0,0
a57c8e8412fecf12.jpg,0,1,0,0,0,0
c989bf8466367c38.jpg,0,0,1,0,0,0
9c5a2de3a45a9729.jpg,0,1,0,0,0,0
fc3c93c923967303.jpg,0,0,0,1,0,0
b526cb78adcb3805.jpg,0,1,0,0,0,0
c21f23da05de2a2f.jpg,0,1,0,0,0,0
e5672506b13c3d59.jpg,0,1,0,0,0,0
e09db8a3eecc22c5.jpg,1,0,0,0,0,0
cc9e079032bdb1cd.jpg,0,0,1,1,0,0
f087971601ffc915.jpg,1,0,0,0,0,0
c2f6b6d0cad22a2b.jpg,0,1,0,0,0,0
bc07871f1e6a6561.jpg,0,0,0,1,0,0
fff094a1d85289a5.jpg,0,0,0,0,1,1
c8a6fa9fd055446a.jpg,0,1,0,0,0,0
c47bc0a107973f5c.jpg,0,1,0,0,0,0
b28352ee9658ab3c.jpg,0,0,1,0,0,0
ffdef27b820081c4.jpg,0,0,0,0,1,0
a59d4c9364e99e54.jpg,1,0,0,0,0,0
a4d1cecd9838b273.jpg,0,0,0,0,1,0
d26286cd1f9f22e4.jpg,0,0,1,0,0,0
d28d297a75923396.jpg,1,0,0,0,0,0
ff8043a7860f879c.jpg,0,1,0,0,0,0
b9e8f2950a194f35.jpg,0,0,0,0,1,0
ef842034d2fec791.jpg,1,0,0,0,0,0
f037c831ecf2648b.jpg,0,1,0,0,0,0
a650c509377f72a6.jpg,0,0,1,0,0,0
83e163c3c17a1f39.jpg,1,0,0,0,0,0
f80c362713f4533d.jpg,0,0,0,0,0,1
b018ce6571fc6399.jpg,0,0,1,0,1,0
dbe6c1f60cf81f00.jpg,0,0,0,0,0,1
dfe03bbf63030702.jpg,0,0,0,0,1,0
81bf24c79372651d.jpg,0,1,0,0,0,0
fdfd92dac009c055.jpg,0,1,0,0,0,0
c09dc29f8e7c9ec0.jpg,1,0,0,0,0,0
a4fa47cf6038ab19.jpg,0,0,1,0,0,0
803e3bd17a16e65c.jpg,0,0,0,0,1,0
aaeac6c1cdab0a9a.jpg,0,0,0,0,1,0
c79c0e037f0f383c.jpg,0,1,0,0,0,0
a49b201e8b3e4b3f.jpg,1,0,0,0,0,0
8021b94d437eb7d3.jpg,1,0,0,0,0,0
cef01d9f13380a3d.jpg,0,0,1,0,0,0
e16520b6bf50561f.jpg,0,1,0,0,0,0
a0a2c5d64f6cfa68.jpg,1,0,0,0,0,0
ade010c53f15f794.jpg,0,0,0,0,1,0
fd28c24e8abe306d.jpg,1,0,0,0,0,0
a03b9da0d29aedb2.jpg,1,0,0,0,0,0
95a921b75e401afe.jpg,0,0,0,1,0,0
cbf85b9fc001ca53.jpg,0,1,0,0,0,0
faa0c04787bfe6c0.jpg,0,0,1,0,0,0
d2cf7ab25023870f.jpg,0,1,0,0,0,0
d8b4b4f49aed9602.jpg,0,0,1,0,0,0
9d4c3612c3cb665b.jpg,0,0,0,0,1,0
c7820991322fe5bf.jpg,0,1,0,0,0,0
fde287a78e9c4850.jpg,1,0,0,0,0,0
c7aab5d69b84c285.jpg,0,1,0,0,0,0
e0f3d6b8825604fb.jpg,0,1,0,0,0,0
cfb54e1b11de221c.jpg,1,0,0,0,0,0
fad5d4a45e45284b.jpg,1,0,0,0,0,0
fcd5c081c48fbde0.jpg,0,0,0,1,0,0
eaa7c001157ffa0e.jpg,0,0,0,0,1,0
9cf960956f1724b8.jpg,0,1,0,0,0,0
f758af92944f9282.jpg,1,0,0,0,0,0
8791c68b1e4f2f16.jpg,0,1,0,0,0,0
84f60a857fb26bc1.jpg,1,0,0,0,0,0
ca903be980fe960f.jpg,0,0,1,0,0,0
aaa555a5aaabb292.jpg,0,1,0,0,0,0
dbc9b838d9c44d94.jpg,0,1,0,0,0,0
c14d942b7ab97d82.jpg,1,0,0,0,0,0
a6b0deeb1c0fe980.jpg,0,1,0,0,0,0
ce13fc4a586b8ce4.jpg,0,0,0,1,1,0
a9b61b807a1a79ae.jpg,0,1,0,0,0,0
958a3e3fc16596c2.jpg,0,0,0,0,1,0
fab6c199830ce1f8.jpg,0,0,0,0,1,0
e8ffc10087702e3f.jpg,0,1,1,0,0,0
ac55ead5d6a80e83.jpg,1,0,0,0,0,0
ef30e1849fd6c48c.jpg,0,1,1,0,0,0
f1add396a9925c50.jpg,0,0,0,1,0,0
daec692603ccbe62.jpg,1,0,0,0,0,0
dec2c0ec76393a31.jpg,0,0,0,0,0,1
bc60d3c3a4d58976.jpg,0,0,1,0,0,0
c3b555e0aed194cc.jpg,0,0,0,0,1,0
afa074d04a8d25df.jpg,1,0,0,0,0,0
c6526ad895a91e5e.jpg,0,0,0,0,0,1
b56df0e2c98a4b0b.jpg,0,0,0,0,1,0
a1d5d5cacac0ced8.jpg,0,1,0,0,0,0
bd64963e82b22ed2.jpg,0,0,1,0,0,0
c9f5217c4562af34.jpg,0,1,0,0,0,0
b486d29ce39d7924.jpg,0,1,0,0,0,0
da882dcd946bc374.jpg,0,0,1,0,0,0
e2ddf95e8c6830c2.jpg,0,0,1,0,0,0
8335e5c34fc217b8.jpg,0,0,1,0,0,0
8f83c2ee646433e3.jpg,1,0,0,0,0,0
8dd8e6ce1eb28493.jpg,0,0,0,0,0,1
91e473e8f8d4f0d0.jpg,0,1,1,0,0,0
b0bfc17539984e86.jpg,0,0,0,0,1,0
e48e829a29b57b17.jpg,0,0,1,0,0,0
efd88db0c48a7474.jpg,0,0,1,1,0,0
911e91388fcb8c7b.jpg,0,0,1,0,0,0
a0a99ce57b4e616c.jpg,0,0,0,1,0,0
84e6b7af0f070ed0.jpg,0,0,0,0,1,0
e22b4dcd57507711.jpg,0,0,1,0,0,0
ecdd8c9a3d713224.jpg,0,0,0,0,1,0
be835663ec406a79.jpg,0,0,1,0,0,0
c641ff03ddb0c8c3.jpg,0,0,0,0,0,1
a86b85b58d92d4cb.jpg,0,0,1,0,0,0
f1f01dbfc26496a0.jpg,0,1,0,0,0,0
84f2e6485b0f5b5a.jpg,1,0,0,0,0,0
d34a6fa51e8e8994.jpg,0,0,0,0,1,0
f0f496aa581b2b93.jpg,1,0,0,0,0,0
aa1bf01791ab8f83.jpg,1,0,0,0,0,0
ae92ccbfcc38c838.jpg,0,0,0,1,1,0
dc84c480cffa2c7d.jpg,0,1,0,0,0,0
dcdf3c3166d22524.jpg,0,0,0,1,0,0
b065cd9acab57b01.jpg,0,0,1,0,0,0
922d7cbc631ec31a.jpg,0,0,1,0,0,0
c8ce8d2f1de23dc0.jpg,1,0,0,0,0,0
b09a52831fa10bff.jpg,1,0,0,0,0,0
8d2020edbfbd9307.jpg,0,1,0,0,0,0
c713d67b186f604c.jpg,0,0,1,0,0,0
f5506f08f4a74297.jpg,0,0,1,0,0,0
be95969a8a491c6d.jpg,0,1,0,0,0,0
8f2a17c7cb4499e4.jpg,0,1,0,0,0,0
eda4e5829a7f8055.jpg,0,0,1,0,0,0
93ca66845df1b623.jpg,1,0,0,0,0,0
b7904d3eb61c0cda.jpg,0,0,0,1,0,0
bc3f8bc0c2c92f86.jpg,0,0,1,0,0,0
ca6f25823592359f.jpg,0,1,1,0,0,0
c48ee9edc5b73018.jpg,0,0,0,0,0,1
bdbab822d02ec81f.jpg,0,1,0,0,0,0
d1aacfbe1870059e.jpg,1,0,0,0,0,0
b20f9fb9f8383070.jpg,0,0,1,0,0,0
b2999b69da846d98.jpg,1,0,0,0,0,0
a4f2d4ad6c696472.jpg,0,1,1,0,0,0
b2b3897aac4f2394.jpg,0,1,0,0,0,0
da9bcaa9a6d088c7.jpg,1,0,0,0,0,0
b486cd89071fe25b.jpg,0,0,0,1,0,0
aaeccacd9a909d8a.jpg,0,0,1,0,0,0
c7f54082cf2d64ba.jpg,0,1,0,0,0,0
c8c1c6bb67063b71.jpg,0,1,0,0,0,0
87d48901edcfc3c3.jpg,0,0,0,0,1,0
8bb3538e387d5099.jpg,0,1,0,0,0,0
bceae0c14b3b6a32.jpg,0,0,0,0,0,1
85eaeb15a8a55257.jpg,0,0,0,0,1,0
ce1c2dac3192c737.jpg,1,0,0,0,0,0
81ef1bc2e12da36a.jpg,0,1,1,0,1,0
d4e8c6d7319e1334.jpg,0,0,0,1,1,0
8d642cc06b8fe78b.jpg,0,1,0,0,0,0
f169c4968dc25b8d.jpg,1,0,0,0,0,0
fdb5c08b16342d71.jpg,0,0,0,0,1,0
bf36c6426a8e1359.jpg,0,0,0,1,0,0
e11f36fe5940c8cc.jpg,0,1,0,0,0,0
fd848bc5cac98535.jpg,0,0,1,0,0,0
daec7180c12f4b9e.jpg,0,1,0,0,0,0
c1ed7d95fc019423.jpg,0,0,1,0,0,0
95f78b2b187530d8.jpg,0,0,1,0,0,0
84f3ca39a79d4354.jpg,0,0,1,0,0,0
eaa9138b03edc336.jpg,1,0,0,0,0,0
fda5b5458a960f84.jpg,1,0,0,0,0,0
d44a94353a5337ab.jpg,1,0,0,0,0,0
a9c3c6a5c9a6ddc0.jpg,1,0,0,0,0,0
f0cb859beb1b30c1.jpg,0,1,0,0,0,0
97b896d0ae85f48c.jpg,0,1,0,0,0,0
dee9c0713b896075.jpg,0,0,0,1,0,0
a4a0b4d39747db43.jpg,0,0,0,0,1,0
e4e1c35e1e893656.jpg,1,0,0,0,0,0
b88ddbdd32ad600a.jpg,0,1,1,0,0,0
e5e01592f030eebb.jpg,0,0,0,1,0,0
c2e666b5909ced89.jpg,0,1,0,0,0,0
bff6b15ac248ab02.jpg,0,1,0,0,0,0
ba91919fda5f00f0.jpg,0,0,0,1,0,0
a49cfa0ccc9e9a2b.jpg,0,1,0,0,0,0
d2c92a35058b97bd.jpg,0,0,0,0,0,1
8ea5d29aeca916c9.jpg,0,0,0,0,0,1
cdec8ff00673cc88.jpg,0,1,0,0,0,0
b40b87834a4fdb2e.jpg,1,0,0,0,0,0
dcaa630f9ef0921a.jpg,0,0,1,0,0,0
c0d298a9dace33b9.jpg,1,0,0,0,0,0
f05b875783b7e102.jpg,1,0,0,0,0,0
bcad27d4c831d48b.jpg,0,1,0,0,0,0
fb3fd5c08210d2c7.jpg,0,0,1,0,0,0
95958f9e6348629e.jpg,1,0,0,0,0,0
f1bda9c9c98dad00.jpg,0,1,0,0,0,0
b7cdc393c29cd218.jpg,0,0,0,1,0,0
dad43dead41f2214.jpg,0,1,0,0,0,0
b4ef4b125c4901fd.jpg,1,0,0,0,0,0
e9e0c0c70f64fd38.jpg,0,0,1,0,0,0
a341f89f3139d760.jpg,1,0,0,0,0,0
a54283eb3f3090f7.jpg,0,0,0,1,0,0
94f070819b9abaed.jpg,0,1,1,0,0,0
d5a492c9d2cf6a0e.jpg,0,0,1,0,0,0
beecdfa52283048e.jpg,1,0,0,0,0,0
84329a65b5ee78f0.jpg,0,0,0,1,0,0
dfb0ce81dc87401f.jpg,0,1,0,0,0,0
d68bced0c0b0fb26.jpg,0,0,1,0,0,0
a880db976aae7a54.jpg,0,0,0,0,1,0
e4a99bc4619af668.jpg,0,0,1,0,0,0
9616c3cfc5a0e731.jpg,0,1,0,0,0,0
cda83f98426734d5.jpg,0,0,1,0,0,0
e969c081c53d8fdc.jpg,0,0,0,0,1,1
b8c3d7bb086f300b.jpg,0,0,0,1,0,0
bfa1db0d694d6221.jpg,1,0,0,0,0,0
b55be3cccd85051a.jpg,0,0,0,0,1,0
b5d9d2ca4b3e01b4.jpg,1,0,0,0,0,0
ac604fda8e8d2979.jpg,0,0,0,0,0,1
fbd0c11f87821ce6.jpg,1,0,0,0,0,0
94c8b450b075eded.jpg,0,0,0,1,1,0
d2896219cffd0e51.jpg,0,1,0,0,0,0
fdbd17a08643a8c3.jpg,0,1,0,0,0,0
f0339336244efcc5.jpg,0,0,0,0,1,0
8b97c0348ce94ede.jpg,0,1,0,0,0,0
e1181e017f2fe4f1.jpg,0,0,0,0,1,0
b5b45a4a7b2f8069.jpg,1,0,0,0,0,0
83e3d2369933c5d2.jpg,0,1,0,0,0,0
a9c5a102852fa77f.jpg,0,1,0,0,0,0
f9ecc388d8517945.jpg,0,0,1,0,0,0
82c13fd0b41f78f8.jpg,0,0,0,0,0,1
d8d398830be56be2.jpg,0,0,1,0,0,0
860eeec66f368ac4.jpg,0,0,0,0,1,0
adc01552eb5f7584.jpg,1,0,0,0,0,0
92f37ac388c2d8dc.jpg,0,0,1,0,0,0
c5a5a5e1a083fad3.jpg,0,0,1,0,0,0
8e87c18acf98b5b1.jpg,0,1,0,0,0,0
9e176c685df204ba.jpg,1,0,0,0,0,0
d3a407fa4e23f09c.jpg,0,0,0,0,1,0
fa8080b68a3f3cdd.jpg,0,0,1,0,0,0
852b3dcb856652d5.jpg,1,0,0,0,0,0
c1f69fcdc460934c.jpg,1,0,0,0,0,0
c4b33c8070dee8db.jpg,0,1,0,0,0,0
fda19ee020b6b652.jpg,0,0,1,0,0,0
9c333e3700fe02eb.jpg,0,1,0,0,0,0
fd49d0c0099e699f.jpg,1,0,0,0,0,0
e63d86c19ceec9c0.jpg,0,1,0,0,0,0
f8b0f1a11a46347f.jpg,0,1,1,0,0,0
d7d416427afd8191.jpg,1,0,0,0,0,0
aad1909795aba3b2.jpg,1,0,0,0,0,0
baa5c086079eaf59.jpg,0,1,0,0,0,0
ed5407e803f4a9d5.jpg,0,1,0,0,0,0
aaccd5a8bafa4512.jpg,1,0,0,0,0,0
ddf018193a3fa385.jpg,0,1,0,0,0,0
c39e6fbe8160da44.jpg,0,1,0,0,0,0
ab5265bd8e1a9551.jpg,1,0,0,0,0,0
cab5cab54598b2d4.jpg,0,0,1,0,0,0
c0dec0291fbf0f07.jpg,0,1,0,0,0,0
b2e28b93e4e06c9b.jpg,0,0,0,1,0,0
b3b131c9e0279cd6.jpg,0,0,0,1,0,0
d8dc0f0e42f6632d.jpg,0,0,0,0,0,1
8cda19a8392f24bf.jpg,0,0,1,0,0,0
d2b41f53696d2c4a.jpg,0,0,1,0,0,0
a065c7a60d07e7ec.jpg,0,0,1,0,0,0
ace09ace0d38b2f3.jpg,0,1,0,0,0,0
b99380f686a69e53.jpg,0,0,1,0,0,0
f01be0206c65fc7e.jpg,0,0,1,0,0,0
c598e7b4da156a85.jpg,0,1,0,0,0,0
80ce88a60dfc33fb.jpg,0,0,1,0,0,0
d0ca05f85f3bf0a8.jpg,0,1,0,0,0,0
83f7381b7cace01c.jpg,1,0,0,0,0,0
fd87803e89c11f47.jpg,0,0,1,0,0,0
a9bcb195d2121bba.jpg,1,0,0,0,0,0
e5e6d2dc9d0a0b51.jpg,0,0,1,0,0,0
c0bcda4f1c8067f3.jpg,0,1,0,0,0,0
f0c7c066c74e9764.jpg,0,0,1,0,0,0
b2a1478e59eb3b05.jpg,0,0,0,0,1,0
d59f72426e2613c3.jpg,0,0,0,1,0,0
fca3c5528ed14999.jpg,1,0,0,0,0,0
b08f90cdcee4a707.jpg,0,1,0,0,0,0
fc7984f0ca40fd0e.jpg,0,1,0,0,0,0
e1c78e90f81b53e8.jpg,1,0,0,0,0,0
a846c2c24bc6dbdd.jpg,0,0,0,0,1,0
8707b1d867e3788c.jpg,0,0,0,0,0,1
ace5c4bfdd0e2118.jpg,0,0,1,0,0,0
a5ad479260d25df2.jpg,0,0,1,0,0,0
a639cb9ab2dc21c6.jpg,1,0,0,0,0,0
96d88e1f6a9e4986.jpg,1,0,0,0,0,0
bf125b87c16b843c.jpg,1,0,0,0,0,0
b84e05ccaa9bb13b.jpg,1,0,0,0,0,0
ababc2d3da534a0a.jpg,1,0,0,0,0,0
a5da9ce1f0356307.jpg,0,0,1,0,0,0
cff833939a8b02e2.jpg,0,0,0,0,1,0
86b8c711e2de6dc4.jpg,0,1,0,0,0,0
f24f28407a33673e.jpg,0,0,1,0,0,0
de981a7f21d53303.jpg,0,0,1,0,0,0
c7473f1aed4242d4.jpg,0,0,0,0,1,0
cecd3eb083c45536.jpg,0,0,0,0,0,1
95cce242b7f4c466.jpg,0,0,1,0,0,0
f2bc4761d9a5184b.jpg,0,1,0,0,0,0
a7dacc7c0933d24c.jpg,0,1,0,0,0,0
fa63c89f1d903583.jpg,0,1,1,0,0,0
cb1f523283fb0179.jpg,0,0,1,0,0,0
e1bf65ec0470cad1.jpg,0,1,0,0,0,0
eac182f53373f083.jpg,1,0,0,0,0,0
bff49067832b8519.jpg,0,0,0,1,0,0
f5b4d3ddf9400464.jpg,0,0,0,1,0,0
c0c8096557bf725e.jpg,0,0,0,0,0,1
a18056abb64d9f96.jpg,0,0,1,0,0,0
9dd9370b620d0ee3.jpg,1,0,0,0,0,0
ad3b246e94b550a7.jpg,1,0,0,0,0,0
ba5c278629b5ccb1.jpg,0,0,0,1,0,0
a696c069e7a1da69.jpg,0,0,0,0,1,0
c5fd266a99322563.jpg,0,0,0,1,0,0
fbbec0c0052674dd.jpg,1,0,0,0,0,0
b9ebc0d1c6213abc.jpg,0,0,0,0,0,1
ceb53cc17cb898a8.jpg,0,0,1,0,0,0
972cc9929ad6a5b2.jpg,0,1,0,0,0,0
c997e01ad3acb1d8.jpg,0,0,1,0,0,0
fb1fd2dd80617842.jpg,0,1,0,0,0,0
d60134ff8201bafe.jpg,0,1,0,0,0,0
b4b0d4f98a459da6.jpg,0,1,0,0,0,0
b6d6db20e206998f.jpg,0,0,1,0,0,0
d53b5a1c21ce4576.jpg,1,0,0,0,0,0
81a47739c906bda7.jpg,0,0,1,0,0,0
94dc686b55ab2d52.jpg,0,0,0,1,0,0
af52f7299a250a27.jpg,1,0,0,0,0,0
add3e48b11e8d694.jpg,0,1,0,0,0,0
d4b9cbf09c3f8026.jpg,1,0,0,0,0,0
b815e17ac747078b.jpg,0,0,1,0,0,0
a94383b2ad331f5c.jpg,0,1,0,0,0,0
a3ebb2ab31622933.jpg,0,0,0,1,0,0
b539ca5f5d691848.jpg,0,1,1,0,1,0
aa19152955afc1ed.jpg,0,0,0,1,0,0
f5e21d13363c1a17.jpg,0,0,0,0,0,1
819e1fd0933b4f43.jpg,0,0,0,1,0,0
85897ea7f064b26a.jpg,0,0,0,0,1,0
b4b5dbd69aa29910.jpg,0,1,0,0,0,0
ee4e84354b93d4c9.jpg,0,1,0,0,0,0
990e66955ed483a7.jpg,0,1,0,0,0,0
ca9e36d874eb1245.jpg,0,1,1,0,0,0
9a848f99794b5396.jpg,0,0,0,0,1,0
82f4e39e8bbc3c50.jpg,0,1,0,0,0,0
87d578ca8e0b5c39.jpg,0,1,1,0,0,0
f753e295b894099c.jpg,1,0,0,0,0,0
a51e60ff4203ef61.jpg,0,0,1,0,0,0
b57ac152cf958dc0.jpg,1,0,0,0,0,0
cd27ce297630c761.jpg,0,0,0,0,1,0
a565fe3c8094c5f4.jpg,0,1,0,0,0,0
d78523d681c3d1ea.jpg,0,0,0,1,0,0
f50ec2de4d85255a.jpg,1,0,0,0,0,0
eeebd0c1d14183ad.jpg,0,0,0,0,1,0
febcf402821ac13f.jpg,0,0,1,1,0,0
ff0785078fc3548a.jpg,0,0,1,0,0,0
a161cf93cecda28c.jpg,0,0,1,0,0,0
9eb1f0c984e52dc6.jpg,0,1,1,0,0,0
fd418d75ec1644b4.jpg,0,1,0,0,0,0
c3b261d742bba0d5.jpg,0,1,0,0,0,0
f078d760c22f8b8e.jpg,0,0,1,0,0,0
81f5730f2b1c3731.jpg,0,0,0,1,0,0
eb2be119883e8e2b.jpg,0,0,0,0,0,1
c51f3ab1d88e2c65.jpg,0,1,0,0,0,0
a4a6c0fc4f983ea3.jpg,1,0,0,0,0,0
b2a74f7c31a0c897.jpg,0,0,1,0,0,0
c0d91da6b3b891cd.jpg,1,0,0,0,0,0
dee870b57ae22492.jpg,0,1,0,0,0,0
bad69b4d59253123.jpg,0,1,0,0,0,0
fcd4c6ca1b786183.jpg,0,0,0,1,0,0
f403f6847609665f.jpg,0,0,1,0,0,0
b57dc03e015cbd85.jpg,0,1,0,0,0,0
8da787583a388cfc.jpg,0,0,1,0,0,0
9ea4e59f1209aeaa.jpg,0,0,1,0,0,0
fe9ca00233723bd3.jpg,1,0,0,0,0,0
ca11aa188e47e777.jpg,0,1,0,0,0,0
ed7394c162343f64.jpg,1,0,0,0,0,0
fec5cca42e3225d1.jpg,0,0,0,0,0,1
ff83c08387c694f2.jpg,0,1,0,0,0,0
b696ae68d82b550d.jpg,0,1,1,0,1,0
b9bfc0c9846c6cf0.jpg,0,0,0,0,0,1
a4e18aee3cad58aa.jpg,0,0,0,0,0,1
edda50958b8273ac.jpg,0,0,1,0,0,0
e517bc1ec0b80dae.jpg,1,0,0,0,0,0
bed39e30619ca43a.jpg,0,0,0,1,0,0
a96ad6979a939194.jpg,0,0,0,0,1,0
e5b8749dc4269876.jpg,0,0,1,0,1,0
a58f5a12c51ff1c1.jpg,1,0,0,0,0,0
c07ff0e7e6668188.jpg,1,0,0,0,0,0
81eec95c1ff22781.jpg,0,0,0,0,0,1
e3c1d21d8ecc6574.jpg,1,0,0,0,0,0
d5403124daaf9cde.jpg,0,1,0,0,0,0
bd30da37d12bd580.jpg,1,0,0,0,0,0
ec5e86e2ee84283d.jpg,0,0,0,1,0,0
f8f383016dfe1682.jpg,1,0,0,0,0,0
9a5936a247bc49e9.jpg,0,1,0,0,0,0
d4226a952956afda.jpg,0,1,0,0,0,0
d290346903ee3be7.jpg,0,1,0,0,0,0
a1b794378047c73e.jpg,0,0,0,0,0,1
8d33bd82d3b08fa1.jpg,0,1,0,0,0,0
b0fa91905f852e7c.jpg,0,0,1,0,0,0
fc008749feeec740.jpg,1,0,0,0,0,0
c8c2359eca389be3.jpg,0,0,0,0,1,0
a484dc48de92feb2.jpg,0,1,0,0,0,0
af7197cb5ac96420.jpg,0,1,0,0,0,0
8eb0da4b65b0638f.jpg,1,0,0,0,0,0
a5f886a4f70f02b9.jpg,0,1,0,0,0,0
85afc6da8d8a0e99.jpg,0,1,0,0,0,0
c39bacec48e8b8d4.jpg,0,1,0,0,0,0
dfa33cc760e46268.jpg,0,1,0,0,0,0
f5981cc463361a7e.jpg,0,0,0,1,0,0
d1cdcb9a1b330b4a.jpg,0,1,1,0,1,0
d2b2db99c945c44e.jpg,0,0,1,0,0,0
e584489a6cbab26f.jpg,1,0,0,0,0,0
9b9079448919fa5f.jpg,1,0,0,0,0,0
ea01f3d49b327952.jpg,0,0,0,1,0,0
fd2dc4504f8a689e.jpg,0,0,0,1,0,0
cfc92c78b0b1a1cb.jpg,1,0,0,0,0,0
f50d611e056e44bf.jpg,0,0,0,1,0,0
9e8df75c04c3507a.jpg,0,0,0,0,0,1
e24eb8804f9f568d.jpg,0,0,0,1,0,0
f643c2641fa8ba95.jpg,0,0,0,1,0,0
f07a976798070da6.jpg,1,0,0,0,0,0
b4d6d8c04db607b5.jpg,1,0,0,0,0,0
b5865e13f9a0bc07.jpg,0,0,0,1,0,0
b085cbe40f463ef1.jpg,0,0,0,0,1,0
ff87c4e01c13307e.jpg,0,1,0,0,0,0
95385a2db0e79595.jpg,1,0,0,0,0,0
83fc76a134125e76.jpg,0,0,0,0,1,0
fac9820b9f6a4527.jpg,1,0,0,0,0,0
f891d3fc12f7210c.jpg,1,0,0,0,0,0
e1ba80d41fc55ec5.jpg,1,0,0,0,0,0
b5b792c9c900c4f7.jpg,1,0,0,0,0,0
d6bd12ba03ad32d8.jpg,0,0,0,0,1,0
f3a1039f7858ad83.jpg,1,0,0,0,0,0
fda0a7f5c008accb.jpg,0,1,1,0,0,0
b5b54aea95952a26.jpg,0,0,1,0,0,0
b090e776d625d427.jpg,0,0,0,0,1,0
a5dec1984966f331.jpg,1,0,0,0,0,0
f539c724d36a9452.jpg,0,1,1,0,1,0
da3d82601e653afc.jpg,0,1,0,0,0,0
bc89a82718fc5f0e.jpg,0,0,1,0,0,0
a085c59e9ff86f40.jpg,0,0,0,1,1,0
ad93e0face381634.jpg,1,0,0,0,0,0
fd014f427ee2b807.jpg,0,0,1,0,0,0
c0cf8b9899d591b3.jpg,0,0,1,0,0,0
8437f01fd3d20f26.jpg,0,0,0,1,0,0
90df66a17f502e13.jpg,0,0,0,0,1,0
e0c0d55eceecc26c.jpg,1,0,0,0,0,0
e2c88ea3f155399c.jpg,1,0,0,0,0,0
edc99ea5f00e2332.jpg,0,0,0,0,0,1
9c6542de9c15e1e5.jpg,0,0,1,0,1,0
d5de00ca7f8492e5.jpg,0,1,0,0,0,0
a84b95bc1a526d4f.jpg,0,1,0,0,0,0
9a969343e96d6169.jpg,0,0,1,0,0,0
d56223830f7703cf.jpg,0,0,1,0,0,0
deef9a7818684187.jpg,1,0,0,0,0,0
a564f35bdc6c5602.jpg,1,0,0,0,0,0
e01e42d90c66f3f3.jpg,0,0,0,0,1,0
c3e5c59552c77066.jpg,0,1,0,0,0,0
f891839e8f342e72.jpg,0,1,1,0,0,0
dfcd6038805c7f91.jpg,0,1,0,0,0,0
c33e7a3cedb480c1.jpg,0,1,0,0,0,0
c0853c9fcb0bc7b2.jpg,0,0,0,1,0,0
8dd4bca9ca56be80.jpg,0,1,0,0,0,0
c4c02b2c0a3bbf5f.jpg,0,1,0,0,0,0
e0369bc15ee04dba.jpg,0,0,1,0,0,0
a56af43d3cb0a296.jpg,0,0,0,1,0,0
e8d5975c822aae2d.jpg,1,0,0,0,0,0
8b64cb452d2f2673.jpg,0,1,0,0,0,0
bdda746048d3da38.jpg,0,0,0,0,0,1
ab83c0d147c3db66.jpg,0,0,0,1,0,0
8ae697e621956571.jpg,0,0,0,1,0,0
d58a601ee7dce438.jpg,0,0,1,0,0,0
9d7238c8a50b4ef5.jpg,0,0,0,1,0,0
f48787c26d35a272.jpg,1,0,0,0,0,0
d6b636d2096d6c2c.jpg,0,0,0,0,1,0
a8d5f0d0c11fc89f.jpg,0,0,1,0,0,0
d197c19af84bee80.jpg,0,0,0,1,0,0
b0f5970d394c6972.jpg,1,0,0,0,0,0
b2c1c3edcd1174a9.jpg,0,0,1,0,0,0
ed68ecfad8416843.jpg,0,0,0,1,0,0
cf7891ca13dbe980.jpg,1,0,0,0,0,0
942d5a2933b7e8d8.jpg,0,0,0,1,0,0
978f69da2208eb93.jpg,0,0,0,0,0,1
d01f5059f4ed5538.jpg,0,0,0,0,0,1
a7eefea553092148.jpg,1,0,0,0,0,0
ec83c7c04a1e9db9.jpg,0,0,0,1,0,0
a8e285c695ceea6c.jpg,0,1,0,0,0,0
e59b1b74d4250ae9.jpg,0,0,1,0,0,0
ecdec4309c61fc07.jpg,0,1,0,0,0,0
8dcf253899ed6324.jpg,0,0,0,0,0,1
eb4f87a188b05db4.jpg,1,0,0,0,0,0
9ed57bc0a10f8327.jpg,0,1,0,0,0,0
e08085ba7b3333be.jpg,0,1,0,0,0,0
e0ca752b3ea47332.jpg,1,0,0,0,0,0
9ae2d58b6cee05a2.jpg,0,1,0,0,0,0
fe339ee1038c07ac.jpg,1,0,0,0,0,0
e157d0703fc3e09c.jpg,0,0,0,1,0,0
f0b5d25b6a33a861.jpg,0,0,1,0,0,0
fe2fa00f6fa44622.jpg,0,0,1,0,0,0
80decb70b3295bb2.jpg,1,0,0,0,0,0
e5319c4b1ce90d5e.jpg,0,1,0,0,0,0
fc3cd01d8f281e55.jpg,1,0,0,0,0,0
e5f296b988c98c27.jpg,0,0,1,0,0,0
aa93974bea296195.jpg,1,0,0,0,0,0
e7c298d55c949c39.jpg,0,0,1,0,0,0
e99a95cf1c606af0.jpg,0,0,0,1,0,0
e9e8ad35c5871d06.jpg,0,0,0,1,0,0
b86b027cc71ace39.jpg,0,0,0,0,1,0
ad69d5918dd20baa.jpg,1,0,0,0,0,0
d1d5e28c1e0a6e97.jpg,0,0,1,0,0,0
c9241964d0eddbd5.jpg,1,0,0,0,0,0
b4e7cf1af036042d.jpg,0,1,1,0,1,0
8dfe3d95c06b40a9.jpg,0,1,0,0,0,0
ee61e4a3c0176d5a.jpg,0,1,0,0,0,0
ca121736cadbcb61.jpg,0,0,1,1,0,0
a8eaa00dc9b59f3a.jpg,0,0,1,0,0,0
bd3cc3dc0cd36093.jpg,0,0,0,0,1,0
e11dc6a0bcfff100.jpg,1,0,0,0,0,0
a0c5d8d758ca3fb0.jpg,1,0,0,0,0,0
94b393b3b1e8a4ac.jpg,1,0,0,0,0,0
8de06bde6a48952d.jpg,0,1,0,0,0,0
b5e08197d9d6859a.jpg,0,0,1,0,0,0
feb391e50d25a524.jpg,0,1,1,0,1,0
c3a5b173d1f00e5c.jpg,0,1,0,0,0,0
9d4179607cb5cd25.jpg,0,1,0,0,0,0
d07fe02dac1e1393.jpg,0,0,1,0,1,0
bbe6e9c60c10e5b1.jpg,1,0,0,0,0,0
a5a14a65dfd7c20c.jpg,0,0,0,1,0,0
cd3872109c36f5cb.jpg,1,0,0,0,0,0
d94e3ad8ae3ac870.jpg,0,0,0,1,0,0
e3a90f126055e73e.jpg,1,0,0,0,0,0
b3ecab4516936499.jpg,0,1,1,0,0,0
93e59b85a78a16aa.jpg,0,1,0,0,0,0
a97bd52bfa077080.jpg,0,1,0,0,0,0
f506c2b1ae623e4b.jpg,0,1,0,0,0,0
c092878b8fdf6e28.jpg,1,0,0,0,0,0
8f5971c8983e296b.jpg,0,0,1,0,0,0
fb91c09c5cd83de0.jpg,1,0,0,0,0,0
f8cf00c13e03537f.jpg,0,1,0,0,0,0
ed9c8fc01ae4b334.jpg,1,0,0,0,0,0
c4c711f2b71e6c0d.jpg,0,0,0,0,1,0
a8f1c1e35b525f12.jpg,1,0,0,0,0,0
901f0f64710fe0df.jpg,0,1,0,0,0,0
c3831fb1387f44d4.jpg,1,0,0,0,0,0
f4c09f4ad3311be4.jpg,0,0,1,0,1,0
8c94b4d7bb83194b.jpg,0,1,1,0,0,0
a0a182f1cf1c579f.jpg,0,0,1,0,0,0
94a99387cd1a2dd3.jpg,1,0,0,0,0,0
eb61e501ee9d26c8.jpg,1,0,0,0,0,0
fc17ca8dbdc83e00.jpg,1,0,0,0,0,0
da1bc2d29a137674.jpg,0,0,0,0,0,1
88c5914b9176b776.jpg,0,1,0,0,0,0
c2ed7038c962db93.jpg,0,1,1,0,0,0
c2ccaf86b8d9549a.jpg,0,0,0,0,1,0
f0f1e9c860b03ad7.jpg,0,0,0,0,0,1
a484c39f9fd861d8.jpg,0,0,0,0,1,0
e9dc9f288cc5508f.jpg,0,0,0,0,0,1
a6a984e5d2cf8b52.jpg,0,1,0,0,0,0
e0b4a7c3e88e7332.jpg,0,0,1,0,0,0
fa9cd2c8d6c79094.jpg,0,0,1,0,0,0
d778c2d72c70821f.jpg,0,0,0,1,0,0
d99e71e506232697.jpg,0,1,0,0,0,0
909bc0ac0edbfd1c.jpg,1,0,0,0,0,0
9ef3b4d3d882018f.jpg,0,1,0,0,0,0
ca9d1f92f95081e6.jpg,0,0,1,0,0,0
80a7cecb3616b633.jpg,1,0,0,0,0,0
ea57873aa65304d3.jpg,0,1,1,0,0,0
b463427db0d461cf.jpg,0,0,0,0,0,1
eeb481a75c3295b8.jpg,0,0,1,0,0,0
f493cc8fcf061239.jpg,1,0,0,0,0,0
fe89eab04fd35012.jpg,0,0,0,0,1,0
a5419e97334bcb64.jpg,0,0,1,0,0,0
aaf693d63e786009.jpg,0,0,0,1,1,0
c19de6e36e452a2a.jpg,0,0,0,0,0,1
f50afa7ad0351235.jpg,0,0,0,0,1,0
e0909f5a9f239e26.jpg,0,1,1,0,0,0
bc9ec3589f470a25.jpg,0,1,1,0,0,0
b1b2b9c489171abb.jpg,0,1,0,0,0,0
a800df0ad9578df3.jpg,0,0,1,0,0,0
a942625fcb72e562.jpg,1,0,0,0,0,0
9949a537e019c2bf.jpg,1,0,0,0,0,0
85169ec9cce9a4a7.jpg,0,0,1,0,0,0
a7b8d298fe1c21f0.jpg,0,1,0,0,0,0
c3961dbd0bf4c521.jpg,0,0,0,1,0,0
e95c4760cde49897.jpg,0,0,0,0,1,0
80e0699f1d1b373d.jpg,0,0,0,1,0,0
9f8ca42c51f95356.jpg,0,1,1,0,0,0
a1b09b202df768de.jpg,0,0,1,0,0,0
e0ca5e8cdf101cbb.jpg,0,0,1,0,0,0
d0b487c76e8e3278.jpg,1,0,0,0,0,0
e087029f97b19ce9.jpg,0,0,1,0,0,0
afe2b32c3a3c3981.jpg,0,0,1,0,0,0
a2d2c2ca5ad55ea5.jpg,1,0,0,0,0,0
f4c8854a8a9e5f8d.jpg,1,0,0,0,0,0
f87cc166cf1ab2c0.jpg,0,1,0,0,0,0
b435cafa2cca712c.jpg,1,0,0,0,0,0
d45bc4df1c25612d.jpg,1,0,0,0,0,0
fd9fc0887a8832ea.jpg,0,0,1,0,0,0
b489cde76202f333.jpg,0,1,1,0,0,0
9aa70dba24b96369.jpg,0,0,0,0,1,0
aa9e90cec8b5ada1.jpg,1,0,0,0,0,0
83e55783c61d993a.jpg,0,1,0,0,0,0
febe9a9207053358.jpg,0,1,0,0,0,0
d8a312cbe4f2ad32.jpg,1,0,0,0,0,0
afc080cf5b3d79a0.jpg,0,1,1,0,1,0
fab2c71f14191c9c.jpg,0,0,0,0,1,0
90848dba978dbbe4.jpg,1,0,0,0,0,0
d2ad07897e60c9bc.jpg,0,0,0,0,0,1
dde42317b0c627e2.jpg,0,1,0,0,0,0
e2a15e9fd864a916.jpg,0,1,0,0,0,0
89bf2f7258719624.jpg,0,0,0,1,0,0
b6f6eae593200b62.jpg,0,1,0,0,0,0
ea8f60de4f608d15.jpg,1,0,0,0,0,0
a029cb9e39d913a7.jpg,0,1,0,0,0,0
a4a4d676b72709f0.jpg,0,0,1,0,0,0
ba84d297977c0359.jpg,0,0,1,0,0,0
8f25789f673025ca.jpg,0,0,0,1,0,0
8db66ac1950bcbb2.jpg,0,1,0,0,0,0
9be57075a795428a.jpg,0,1,1,0,1,0
dce08ccc7c003f6f.jpg,0,1,0,0,0,0
e712b70ce21d4a1f.jpg,1,0,0,0,0,0
c5433ed6deda404a.jpg,0,1,0,0,0,0
c2b79f82c04391bf.jpg,0,0,0,0,0,1
c0c75c137efdc221.jpg,0,0,0,0,1,0
ffa0abc289cd0f09.jpg,0,1,0,0,0,0
a564c234e5cd3e4d.jpg,0,0,0,0,1,0
f1ec748841856ebb.jpg,1,0,0,0,0,0
9c8e3773c3901b65.jpg,0,0,0,1,0,0
ff94d583988e490d.jpg,0,1,0,0,0,0
e0fcb0ad54951c97.jpg,0,1,0,0,0,0
c326e748de83971a.jpg,0,0,0,1,0,0
a1a1d5a4cada586f.jpg,0,1,0,0,0,0
90c9ff43a98a54ae.jpg,0,0,0,0,1,1
b0c8e054c665db7b.jpg,1,0,0,0,0,0
dc6b7a9d1596a025.jpg,0,0,0,1,0,0
c51ecb25ccfa04d9.jpg,0,1,0,0,0,0
f0869ea7c55ac83c.jpg,0,0,0,0,1,0
e38c19a82ff16ae2.jpg,1,0,0,0,0,0
9fba239e1b31c149.jpg,0,0,0,0,1,0
81ecf08e963e1f83.jpg,0,1,0,0,0,0
d69adb49e94c00bd.jpg,0,1,0,0,0,0
b625c78ac9af6582.jpg,0,1,0,0,0,0
e6ec82e83f3238d1.jpg,0,0,0,0,0,1
fee9004d1f3d68a2.jpg,1,0,0,0,0,0
fd7cd268d2091d26.jpg,0,0,0,1,0,0
bf24a55cca78ca51.jpg,0,1,0,0,0,0
b2be91819167e0f9.jpg,0,1,0,0,0,0
afffb45096109253.jpg,0,1,0,0,0,0
c4212c57fe4273ec.jpg,0,1,0,0,0,0
e3e28ac011bd372f.jpg,1,0,0,0,0,0
806f356a3f54872e.jpg,0,1,0,0,0,0
c5e23f973c3530b0.jpg,0,0,1,0,0,0
e8ac9c90d8ef0d35.jpg,1,0,0,0,0,0
f2e1c2115f3dbc28.jpg,0,1,0,0,0,0
933d71cb1ea08d47.jpg,0,0,0,0,1,0
8774bd86b996889a.jpg,0,0,0,1,0,0
f981fc03df0b49a1.jpg,0,1,0,0,0,0
fb24d2a0cf2acf90.jpg,1,0,0,0,0,0
b76f33828305db52.jpg,0,0,0,0,0,1
80ca8fea677591d1.jpg,0,1,1,0,0,0
efce028787c34f84.jpg,1,0,0,0,0,0
abb452c1279b6696.jpg,0,1,0,0,0,0
ea2ac700fe30785f.jpg,1,0,0,0,0,0
b4edcde0741f3510.jpg,1,0,0,0,0,0
8ab7cafa03db6105.jpg,1,0,0,0,0,0
dbcddab440b18356.jpg,0,0,0,0,0,1
c4ed06b4bbd92a52.jpg,0,1,1,0,0,0
81effbd16a11e062.jpg,0,1,1,0,0,0
d7ee131035cba0ad.jpg,1,0,0,0,0,0
aa297ce5e46e851a.jpg,0,0,0,1,0,0
d9e17c541c9f30d2.jpg,0,1,0,0,0,0
eacad448c8227db7.jpg,0,0,1,0,1,0
e84eeece07852a0f.jpg,1,0,0,0,0,0
d582499614eefe15.jpg,0,1,0,0,0,0
eeac26f6024e8e4b.jpg,0,0,1,0,0,0
ec94841f722c656f.jpg,0,0,0,0,0,1
dd8e5821c3cb9396.jpg,0,0,0,0,1,0
90878778fa11b7d2.jpg,0,0,1,0,0,0
fcf48a8e0a725857.jpg,0,0,0,1,0,0
d68b80c7bd36d036.jpg,0,0,0,1,0,0
dfff461189732601.jpg,0,0,1,0,0,0
a5e6c5be84285aad.jpg,0,1,1,0,1,0
b6a596167d1a545a.jpg,0,0,0,1,0,0
bf9ac0e9c6628633.jpg,0,0,0,0,1,0
c19e23eba2484bf6.jpg,0,1,0,0,0,0
ec9aa492ee01e43f.jpg,0,1,1,0,0,0
c2969713135b39dc.jpg,0,0,0,0,0,1
c8be28c0355d9fb8.jpg,0,0,1,0,1,0
d6b03acf781b6119.jpg,0,0,0,0,0,1
9ab47599c8d388e9.jpg,0,0,1,0,0,0
d6f5a092758d2a56.jpg,0,0,1,0,0,0
cfd9b1c23922e70c.jpg,1,0,0,0,0,0
f4b2d64141076a7f.jpg,0,0,1,0,0,0
dadbb38611356354.jpg,0,0,0,1,0,0
e5a59fcbcb890838.jpg,0,0,1,0,0,0
eebe02cc97709d21.jpg,1,0,0,0,0,0
d0789fe3e89d0741.jpg,0,1,0,0,0,0
c5d61ce9786a01d7.jpg,0,0,0,0,0,1
8573a5c2722e67b4.jpg,0,1,1,0,1,0
a191cbc9ddac644e.jpg,0,0,0,0,1,0
f587045ead6a15f0.jpg,1,0,0,0,0,0
d8d4b4ca17412f2f.jpg,0,1,0,0,0,0
d8d1399b211a7b1b.jpg,0,1,0,0,0,0
ab95b71a0b8154af.jpg,0,1,1,0,0,0
8de3e321b1f96c03.jpg,0,0,0,0,0,1
af2d9468d8e552d4.jpg,1,0,0,0,0,0
c4c73e64c71ed843.jpg,0,0,0,0,0,1
b0b3079be85c3e85.jpg,0,1,0,0,0,0
d51b0dc558de2a4b.jpg,1,0,0,0,0,0
819e2f789d61e1cc.jpg,0,1,0,0,0,0
8b854dde304cfb64.jpg,0,0,1,0,0,0
b7a9d7c93f207003.jpg,1,0,0,0,0,0
d13e46ad1706b9c9.jpg,0,0,0,0,1,0
95575250487eed8b.jpg,1,0,0,0,0,0
a09ed3a5cfa44a66.jpg,0,1,0,0,0,0
cf31c33df154a3c0.jpg,0,0,0,0,0,1
9f1ab4caf5c3904c.jpg,0,0,0,1,0,0
879869f1e105eb47.jpg,0,0,1,0,0,0
c47adb62e2ca823b.jpg,0,1,1,0,0,0
f0f3d5970a1f0869.jpg,0,0,0,1,0,0
c8fa8e8b9ab0b685.jpg,1,0,0,0,0,0
afb922ea9625f910.jpg,0,1,0,0,0,0
949fcf6c2c649c4a.jpg,0,0,0,0,0,1
af5c1f91f272284a.jpg,1,0,0,0,0,0
a8f994459a0f077d.jpg,0,1,0,0,0,0
fa5e87e2386c86c2.jpg,0,0,0,0,1,0
946cddd7342d58a1.jpg,1,0,0,0,0,0
cfd07ae01b61b346.jpg,0,1,0,0,0,0
cd5827b1f0733632.jpg,0,0,0,0,0,1
c97935761e150397.jpg,0,0,0,1,0,0
fff9c005c2c738c2.jpg,1,0,0,0,0,0
dede496a0d012f0f.jpg,0,1,0,0,0,0
816f6df104967aaa.jpg,0,0,1,0,0,0
89d8ba3c28cde1f8.jpg,0,0,1,0,0,0
b08743ba3ee3078e.jpg,0,1,0,0,0,0
fbf4f18092936983.jpg,0,1,0,0,0,0
dbf2525255a6a03e.jpg,0,1,0,0,0,0
95584a3a9f25e55a.jpg,1,0,0,0,0,0
f69c896b31b14d61.jpg,0,0,0,1,0,0
85f59fcc60bcc701.jpg,1,0,0,0,0,0
9af6d185bdc8660c.jpg,1,0,0,0,0,0
a0b295d2a96aedb4.jpg,1,0,0,0,0,0
d88f66e083ed0de8.jpg,0,1,0,0,0,0
dd1f703673c05e30.jpg,1,0,0,0,0,0
fc9e9ed1320256e4.jpg,1,0,0,0,0,0
a5e5c0c0caed1f5a.jpg,0,0,0,1,0,0
ba67b0623aad05d5.jpg,1,0,0,0,0,0
81ff35908a9ecf81.jpg,0,0,0,0,1,0
d49c30f31fa12f68.jpg,0,1,0,0,0,0
e38b8323da1e8fc2.jpg,0,0,0,1,0,0
8e912ede243bd551.jpg,0,1,0,0,0,0
d03fdd7489c0e887.jpg,1,0,0,0,0,0
e519b5c24a2bbc72.jpg,0,1,1,0,0,0
c9edb789f2329902.jpg,0,0,0,1,0,0
a0bdd5846289f5da.jpg,0,0,0,0,1,0
c3c9843b930f169f.jpg,1,0,0,0,0,0
a7c892dd252cd2ae.jpg,0,1,0,0,0,0
c8f994d30a730fc3.jpg,0,1,0,0,0,0
ace7c948b3f056a4.jpg,0,0,0,1,0,0
885e1bc6a3674eb1.jpg,0,0,0,1,0,0
b8d0d32d6a704f65.jpg,0,0,1,1,0,0
b5b39a09c9d8e4ca.jpg,1,0,0,0,0,0
aebad4c34a48cb4e.jpg,0,1,0,0,0,0
8f2071c7987e86ea.jpg,1,0,0,0,0,0
d0b02a1ad0dd7b9e.jpg,0,0,0,1,0,0
903c9f94cc961bcb.jpg,0,1,0,0,0,0
ab51986b3e8de988.jpg,0,1,0,0,0,0
969bc9cd44866f23.jpg,1,0,0,0,0,0
9190f1f9a0e969f8.jpg,0,1,0,0,0,0
fc34d74acd4c0e86.jpg,0,0,1,0,0,0
aaf08594ded6ca86.jpg,0,0,0,1,0,0
f8ddc040d67b922b.jpg,0,1,0,0,0,0
e556d2349fbaa288.jpg,0,1,1,0,1,0
c1a3d2e619705abe.jpg,0,0,1,0,0,0
febc8594df701106.jpg,1,0,0,0,0,0
8758b97e0ec568e2.jpg,0,0,0,1,0,0
c73c1f7070838b9b.jpg,0,0,1,0,0,0
e0f29d4f619c4e68.jpg,1,0,0,0,0,0
feb0b0208b5f89ae.jpg,0,0,0,1,0,0
91d0d190ffb486b3.jpg,0,0,0,1,0,0
84e8bcb5451d8f63.jpg,1,0,0,0,0,0
ab832728dbfd00f8.jpg,0,1,0,0,0,0
f2b1c1c90d3d1e78.jpg,0,1,0,0,0,0
c42fdc165d328df0.jpg,0,1,0,0,0,0
f197d2cb17a60496.jpg,1,0,0,0,0,0
fdcae5ad06e032e0.jpg,0,1,0,0,0,0
a55e25ca428ffc52.jpg,0,0,1,0,0,0
fc4d3c26cb81dc0b.jpg,0,1,1,0,1,0
d6bb3de226a5c908.jpg,0,0,0,0,0,1
8d873cc2143dfb1c.jpg,0,0,0,0,1,0
cf2bdc3010b0f6d6.jpg,0,1,0,0,0,0
ceadd0c5353aa962.jpg,0,0,0,0,1,0
a4b58bd21c55f943.jpg,0,0,1,0,0,0
d49742796cf0bb81.jpg,0,0,1,0,0,0
db3972d3a7278244.jpg,0,1,0,0,0,0
ec86ce8f19797250.jpg,1,0,0,0,0,0
83753b8a299f4794.jpg,0,1,0,0,0,0
b59590bb295b21ab.jpg,1,0,0,0,0,0
a52786f6ca82e0f9.jpg,1,0,0,0,0,0
c50e9333695d3d64.jpg,0,0,0,0,1,0
aa8794dec486e5b2.jpg,1,0,0,0,0,0
85ff3d29fa3a4050.jpg,0,1,0,0,0,0
efa7c6930e18344d.jpg,0,0,0,1,0,0
f5c1d6b74a9049ca.jpg,0,1,0,0,0,0
f5f4434bebc54444.jpg,0,0,0,0,0,1
aa6f82e81f403d1f.jpg,0,0,0,0,1,0
9bae271592e9e4c2.jpg,0,0,0,0,0,1
f81ee428bf92035e.jpg,0,0,0,0,1,0
dd86d7c99ed80059.jpg,1,0,0,0,0,0
b4a4daae5864f926.jpg,1,0,0,0,0,0
a620d2cf791b655a.jpg,0,1,0,0,0,0
c0c2202b0f7f7fe4.jpg,0,1,0,0,0,0
9fd9a3c371fc0a80.jpg,0,0,1,0,0,0
c3d387b05ab1db82.jpg,0,0,0,0,1,0
b661744913fcd31c.jpg,0,1,0,0,0,0
d3850dbe0064df5e.jpg,0,0,0,0,0,1
e0b628c23fb83579.jpg,0,0,1,1,0,0
94b26d8dc50d69bc.jpg,1,0,0,0,0,0
e0c369127b26bd36.jpg,1,0,0,0,0,0
a4b696ea9e6149e2.jpg,0,1,0,0,0,0
a5f092d8c06dcfe4.jpg,0,1,1,0,0,0
8cace85a5555acbc.jpg,1,0,0,0,0,0
b0cea62d4d926bb1.jpg,0,0,1,0,0,0
a48edf780f470f42.jpg,0,0,0,0,1,0
85f8d6d2f88b710c.jpg,0,1,0,0,0,0
d0a9d9c4ad7c3531.jpg,0,0,0,0,0,1
d5b995c761b00b33.jpg,1,0,0,0,0,0
c3ea3de0b503c237.jpg,0,1,0,0,0,0
b58a89149eb0d779.jpg,0,1,0,0,0,0
c54b2fb53ed6300a.jpg,0,1,0,0,0,0
878a72fc1867cd32.jpg,0,0,0,0,0,1
aad5940a952f9eb8.jpg,1,0,0,0,0,0
ae9558e22c5a9b3c.jpg,1,0,0,0,0,0
a09a8bd89dc57ae4.jpg,0,1,0,0,0,0
d315bc0ea87493c7.jpg,0,0,1,0,0,0
8f6737815b2cd234.jpg,0,0,0,0,0,1
83a75e2de0cb984b.jpg,0,0,0,1,0,0
dfeff4a88a901451.jpg,1,0,0,0,0,0
b4c79b9ae8e4190d.jpg,0,0,1,0,0,0
b4a2d0adcb05abae.jpg,0,0,1,0,0,0
95c1492bc83d7f8c.jpg,0,0,1,0,0,0
c5e00b90f7dd8137.jpg,1,0,0,0,0,0
a0bd87dacf61aa21.jpg,0,1,0,0,0,0
fe708516c8dc8adc.jpg,1,0,0,0,0,0
aad6ca1bcb296551.jpg,1,0,0,0,0,0
90e3f81747ee2495.jpg,0,0,0,0,1,0
bd06b26a9c65945e.jpg,0,1,0,0,0,0
c03f3e8392b0c9fa.jpg,0,1,0,0,0,0
c4f8dc6ad40fca07.jpg,0,0,0,1,0,0
fec3039cd2ae512a.jpg,0,1,1,0,0,0
c03f47d51a54eae8.jpg,0,1,0,0,0,0
d217da1dcd2a8d94.jpg,1,0,0,0,0,0
ce5b7057c3259c1c.jpg,1,0,0,0,0,0
d5971ead34c69892.jpg,0,0,1,0,0,0
90a247f436fc097b.jpg,0,0,1,0,0,0
9193d0a789233f3b.jpg,0,1,0,0,0,0
85f16dde871c9a21.jpg,0,1,0,0,0,0
9dd8c28cca8d99e9.jpg,0,1,0,0,0,0
aace6c4515ea3cb4.jpg,0,0,1,0,0,0
81b17182cf9327db.jpg,0,1,0,0,0,0
e5c361c39f151e38.jpg,0,0,1,0,0,0
e9c7156596850f1b.jpg,0,0,1,0,0,0
fe94b191b02d8ae6.jpg,0,0,0,0,1,0
f5e4c2f7849a8c91.jpg,1,0,0,0,0,0
c35dbb01ee0e24da.jpg,0,0,0,0,0,1
ab83d29f12732e70.jpg,0,0,1,0,1,0
c820739d1e667fa2.jpg,0,1,0,0,0,0
c8d60c2f5ca95c7a.jpg,1,0,0,0,0,0
af8314d0af2a7d29.jpg,0,0,0,0,1,0
9770db4b490aeda4.jpg,1,0,0,0,0,0
d057c7c0fecf4038.jpg,0,1,0,0,0,0
a13f87e591dfa108.jpg,0,1,0,0,0,0
9cb97f87870407f0.jpg,1,0,0,0,0,0
8398363f163eda0e.jpg,0,0,1,0,0,0
c5861f35c0dce725.jpg,1,0,0,0,0,0
f0a9effc40329790.jpg,0,0,1,0,0,0
e0e0c48286afe7ed.jpg,1,0,0,0,0,0
83a65ed1d28e9d83.jpg,1,0,0,0,0,0
fcf3c49888bd92c8.jpg,0,0,0,1,0,0
c1e068e15f4fb18d.jpg,0,0,0,0,0,1
d08bc189ef9cbd90.jpg,0,1,0,0,0,0
aa35cbb2a54b62a5.jpg,0,0,0,0,1,0
b5b92351794d0b4b.jpg,0,1,0,0,0,0
e0fb93d14f6824b2.jpg,0,0,0,0,1,0
bf6996b29bd71004.jpg,0,0,0,0,1,0
ffa09c786f43c052.jpg,0,0,0,1,0,0
b4d3d3c541d49ccc.jpg,0,0,0,0,0,1
a56e9295cda41765.jpg,0,1,0,0,0,0
c13ac1d89f438ccf.jpg,0,1,0,0,0,0
94823adddd55ae60.jpg,1,0,0,0,0,0
c783b3ca61cfc3c0.jpg,0,0,1,0,0,0
f0c68bc61d812bfc.jpg,0,0,0,0,0,1
ad16c91be15586e9.jpg,0,0,0,1,0,0
e4af7b827043b925.jpg,0,0,0,0,1,0
d01599ef4b2d832d.jpg,0,1,0,0,0,0
a0be96eb7830bd18.jpg,0,0,0,1,0,0
a1c2faea525554f1.jpg,0,0,1,0,0,0
a14c9f7661b53668.jpg,0,1,1,0,0,0
ddb4bca0c9be6824.jpg,0,0,0,1,0,0
bdfd94811a303ab3.jpg,1,0,0,0,0,0
835e2f81d03fe670.jpg,0,0,0,0,1,0
d0fe91c042a1f5f6.jpg,1,0,0,0,0,0
ba92d23e9120ce77.jpg,0,1,0,0,0,0
f59ac1c587cd190e.jpg,1,0,0,0,0,0
ea28d0d55c95743b.jpg,1,0,0,0,0,0
afa9c5cb2023f0f8.jpg,0,0,0,1,0,0
8fe052170f4385fd.jpg,0,0,0,0,1,0
a1ebe7085e765413.jpg,0,0,0,0,1,0
de49678622fd2c4a.jpg,0,0,0,0,0,1
a0e388e61f9c5cb9.jpg,1,0,0,0,0,0
da0279d62ab7129d.jpg,0,0,1,0,0,0
c0df0336b4707e65.jpg,1,0,0,0,0,0
86719431e3db5635.jpg,1,0,0,0,0,0
aa7dc0945e4eb5a4.jpg,0,0,0,1,0,0
951c6b68c0d1b5ed.jpg,0,0,0,1,0,0
c1f02d347eb2e03b.jpg,0,1,0,0,0,0
ffcf0ac0b08871ec.jpg,1,0,0,0,0,0
97de6fbc504a9222.jpg,0,1,0,0,0,0
b949069b3d65d45a.jpg,0,0,1,0,1,0
d49692d6cba56661.jpg,1,0,0,0,0,0
ef35caf28dcd4084.jpg,0,0,1,0,0,0
966d7adab021433e.jpg,1,0,0,0,0,0
aa25ca9edd116c0f.jpg,0,1,1,0,0,0
decb693131273323.jpg,0,0,0,0,1,0
e9c295cf9d328833.jpg,0,1,0,0,0,0
cc91df3cc6303333.jpg,0,0,1,0,0,0
e0b320f916dbc8ad.jpg,0,0,0,0,0,1
bde295cac8dd038c.jpg,0,1,0,0,0,0
a1b494629b68ff0d.jpg,0,0,1,0,0,0
9886c704f93a79b3.jpg,0,1,0,0,0,0
a553d00d8a2cd77d.jpg,1,0,0,0,0,0
b4ba97508bd588e5.jpg,1,0,0,0,0,0
a01b5b3f1ce42756.jpg,0,1,1,0,0,0
fb8e81d5d178382a.jpg,0,1,0,0,0,0
cbd5861fb490338e.jpg,0,0,0,0,0,1
b090dbc1cd87683f.jpg,0,1,0,0,0,0
f90fe2fccb58c201.jpg,0,1,0,0,0,0
dd0a33c5c636c2e3.jpg,0,0,0,0,0,1
e0b24ee576e04f68.jpg,0,0,0,0,1,1
eeb1d57783246518.jpg,0,1,0,0,0,0
bdd0901b0b73a5ec.jpg,0,0,0,1,0,0
a92e9dc7d09c2955.jpg,0,0,0,1,0,0
f15ec835feea08a0.jpg,1,0,0,0,0,0
abb3c0f68a4dbd08.jpg,0,1,0,0,0,0
c1fc2e657b4a05b4.jpg,0,0,0,0,0,1
fff8e3b8c1d88300.jpg,1,0,0,0,0,0
ad247b77728c8619.jpg,0,0,0,0,0,1
99e945626073b7c5.jpg,0,1,0,0,0,0
ee4c323209ea4df3.jpg,1,0,0,0,0,0
c0c3773f333a0f11.jpg,0,1,0,0,0,0
d1da6378e5c3cc05.jpg,0,1,0,0,0,0
f5719792e2c98a25.jpg,0,0,1,0,0,0
a48cdb969552a6b5.jpg,1,0,0,0,0,0
aa8be10dc702c7f6.jpg,0,0,1,0,0,0
dde28ec3cf565404.jpg,1,0,0,0,0,0
8d50bd56e5e075c8.jpg,0,1,0,0,0,0
b4e4c31a50fb59c5.jpg,0,1,1,0,1,0
ad2195f0cb40fc3b.jpg,0,1,0,0,0,0
9ee390fd18622795.jpg,0,0,0,1,0,0
8a1a97abda0b4a7a.jpg,0,0,1,0,0,0
dc080c7fd461df34.jpg,0,1,1,0,1,0
a9f6a5c29d959095.jpg,0,1,1,0,0,0
ca7335da2c104adf.jpg,0,0,1,0,0,0
957e6b8d31c42e58.jpg,1,0,0,0,0,0
d014ea850b9f07ef.jpg,1,0,0,0,0,0
c88f30fb361df141.jpg,0,0,0,0,0,1
f8f0be3e8c1a3454.jpg,0,1,0,0,0,0
b3cf5b04c1e3a06b.jpg,0,1,0,0,0,0
d99272da83e39685.jpg,1,0,0,0,0,0
8b2537f3a4cccaa4.jpg,0,1,0,0,0,0
82ec9b372f852f18.jpg,1,0,0,0,0,0
c1ad27cde564cce0.jpg,0,1,0,0,0,0
8e7e70a6878c1c79.jpg,1,0,0,0,0,0
8ac961c83fcf700f.jpg,0,0,1,0,0,0
90ab34aa79735473.jpg,1,0,0,0,0,0
ea3f85e2d8c2598a.jpg,0,1,0,0,0,0
83f6eb92b4a9a454.jpg,1,0,0,0,0,0
f5a99a94159ad256.jpg,1,0,0,0,0,0
d45994a5d94ea96a.jpg,0,0,0,1,0,0
dcdff0fac0208237.jpg,0,1,0,0,0,0
daaecb825076671a.jpg,0,0,0,1,1,0
c77f8bc04a93b225.jpg,1,0,0,0,0,0
ef55bacde9c04580.jpg,0,0,0,0,1,0
97a964c98d945f1c.jpg,0,1,0,0,0,0
bd2201e9fce3c4e2.jpg,0,1,0,0,0,0
e143438d836bd51f.jpg,1,0,0,0,0,0
a898958f5afee824.jpg,1,0,0,0,0,0
89bcd54ae4c4e4f4.jpg,0,0,1,0,0,0
c888c0f3d322f36f.jpg,0,1,0,0,0,0
fc2e32a505e5a978.jpg,0,1,0,0,0,0
8bda9c2d9129d91d.jpg,0,0,1,0,0,0
c0a0f677da565346.jpg,0,0,1,0,0,0
cee0c403d80f7f1d.jpg,1,0,0,0,0,0
fc83583a81e397b1.jpg,0,0,1,0,0,0
e511d31b8ce339c5.jpg,0,0,0,0,1,0
a8e5b526f0aaeaa8.jpg,0,0,1,0,0,0
b55ad27d69096568.jpg,0,0,1,0,0,0
a387e73e38353c50.jpg,0,0,1,0,0,0
ca4507b8ee31d81f.jpg,0,0,1,0,0,0
ad32dea155d5aa05.jpg,0,0,0,1,0,0
f7d233d11aa8496c.jpg,0,0,0,1,0,0
a9d735c2a0c5f057.jpg,0,1,0,0,0,0
a1fa72e822bc2997.jpg,0,0,0,1,0,0
c13e7e62d79b1181.jpg,0,1,0,0,0,0
d0c7793969c58716.jpg,1,0,0,0,0,0
e9e9c53e84652bc2.jpg,0,0,1,0,1,0
c1ff0fe070c5298e.jpg,0,0,1,0,0,0
f13a94d9ce49284f.jpg,0,0,0,1,0,0
e80ec5c01fc717e3.jpg,1,0,0,0,0,0
d8dec0e1b572b8d0.jpg,0,1,0,0,0,0
8e8752441dc7aecb.jpg,0,0,1,0,0,0
be68c8958579ab29.jpg,1,0,0,0,0,0
a090d28f5fa895af.jpg,1,0,0,0,0,0
a295c76ace225ccb.jpg,0,0,0,0,1,0
9bda896a2c98eba1.jpg,0,0,0,1,0,0
e4eb82b033c31ade.jpg,0,0,1,0,0,0
8efc207070f3b9c9.jpg,0,0,1,0,0,0
95b34b89d005b4df.jpg,0,0,0,0,0,1
cd8d3235726223f5.jpg,1,0,0,0,0,0
93a7c1dd2fe04f20.jpg,1,0,0,0,0,0
c1de1e7dc01ed314.jpg,0,0,1,0,0,0
e196d28e25fc38c9.jpg,1,0,0,0,0,0
ab8494c2ce6fa467.jpg,0,1,0,0,0,0
eb8100abfd56157c.jpg,1,0,0,0,0,0
a89097fa5afb011b.jpg,1,0,0,0,0,0
f05ad49e5f0a0d4b.jpg,0,0,1,0,0,0
be7ef6d45ac18401.jpg,0,0,0,0,1,0
c5b420ff00b9fc2d.jpg,0,1,0,0,0,0
